spec_id,0,1,2,3,4,5,6,7,8,9,10,11,12,13,14,15,16,17,18,19,20,21,22,23,24,25,26,27,28,29,30,31,32,33,34,35,36,37,38,39,40
aegipa,0.327987563201107,0.32474838462566996,0.305331948780883,0.345216433349128,0.318979237820412,0.316202491713208,0.31457618619382205,0.303484774132622,0.308971865337815,0.298839862363411,0.302676804700544,0.29199202264366697,0.32682171143320804,0.28364361658712606,0.295703217521284,0.294405124995909,0.292342315943253,0.30586372442024895,0.284614548269802,0.284794468990487,0.286292116958138,0.283301053421921,0.28105937634762296,0.268608034605375,0.249865915687642,0.26738578952168396,0.270196582010464,0.243975640471817,0.258797927447115,0.259979723228207,0.23874060530703303,0.25064717374557505,0.244398045777394,0.234722541513561,0.21567374144382603,0.241546885734784,0.21384907075197,0.217795309356792,0.217301860594832,0.20420674499888503,0.22866861492773802
alchco,1.23378253350378,1.1137128609301101,1.1773945085938,1.14686777710117,0.9819089375659871,0.9894157643568009,0.903599664439635,0.8028486601820579,0.871065963453453,0.7660812693142399,0.693723408885793,0.707503158534808,0.7881984326656641,0.657787881000676,0.6105480020895621,0.5675838974648291,0.548225758599414,0.556783920346048,0.491043564497699,0.47290849979549604,0.511781892219253,0.45793629702872707,0.365842369469048,0.45696701709165105,0.37447639244266706,0.328173931390785,0.332525131035362,0.29722302689720603,0.33266859395177195,0.29031656086241403,0.2993813373840711,0.302614337226608,0.233861086910046,0.24630891419673603,0.190397912837893,0.25372137830624303,0.14756848362165398,0.21492338405763,0.144783820511367,0.17347033165410097,0.19390737006962103
alchla,0.0049740180506357,0.0245775554198666,0.0669979829364187,0.0,0.0398099240811859,0.0368619624095865,0.0252991727932601,0.0358763894378365,0.0185938025647378,0.0436297393551029,0.0145268529387479,0.0596541210896777,0.0,0.0711663784073426,0.00602242312598525,0.0175250352705027,0.0292183094578036,0.0148827562507143,0.0398396812141417,0.024438944154128995,0.0379560068024063,0.0271499047786578,0.0,0.0685560687301216,0.05738142305063,0.0,0.007118878758872221,0.0528456364296401,0.0260412701030332,0.00315909705283386,0.0705236325833727,0.0250303780951869,0.0019218131847648899,0.0432395616991865,0.051704689530752,0.0238923833109187,0.00981124368636525,0.0575452720959574,0.0,0.0662456973872173,0.00477542312061285
amaico,0.036770257610866,0.0326514439660787,0.0523683227880243,0.0200885891586128,0.0702428885292943,0.0406287424125286,0.0687667502663828,0.056080352165557,0.0845888248483475,0.0452786012537853,0.0986561780464787,0.0910215558550658,0.0158039151286681,0.129755480831379,0.109768708354313,0.119300900653386,0.14280852062215302,0.0786782866930297,0.14701053406092598,0.197459613386131,0.151391270571826,0.14057495060516598,0.250710718661889,0.17026201731406398,0.22480684260491698,0.25988846671911703,0.218799478901328,0.412387720338963,0.273129533280205,0.279821375167051,0.28418792366382695,0.334581109127295,0.46009228444038397,0.44747216894037395,0.6611517812572231,0.326281088977635,0.750926109648508,0.554202422632155,1.00501029224558,0.4602379827592629,0.572761443985467
andiin,0.0,0.0,0.006141909772206329,0.027973248922986003,0.0,0.0,0.0,0.0,0.0135708039092574,0.0,0.0,0.0,0.017688479645272998,0.0,0.0,0.0,0.00098518919402267,0.0,0.0029255472537580603,0.0,0.013822640028118999,0.0014784209459971802,0.0,0.00522740581984319,0.0,0.0,0.00287734865925841,0.0017595990464704101,0.00319169352034887,0.0015398347106563301,0.0063010490337955,0.00314485868407213,0.0,0.00024330428032449302,0.00143415630135713,0.007280293276287009,0.0,0.004450984846137289,0.000168794979042583,0.0014897953164842801,0.00604791034972127
annosp,0.756565728509202,0.7466804266246541,0.7675457497833329,0.833311648523057,0.79279541016986,0.830600842684636,0.8671486466651299,0.7971351345075491,0.88493839400458,0.8376046288178441,0.83271093203318,0.8967762147101529,1.08182736815573,0.944990738396938,0.953428042677788,0.9734669828793999,0.9912891580705759,1.1676697025374199,1.02203855257918,1.11840138557092,1.14011889105523,1.1388888239379198,1.05979237164461,1.2210492385041,1.13363767813074,1.1768812565311102,1.24972655593489,1.1075482823081002,1.32822409348259,1.33081065121747,1.30868219058383,1.4627759916313299,1.37948600169233,1.45785356169562,1.2270699332871398,1.5554613557733101,1.26853276491357,1.48417299588182,1.34480882246217,1.49526635191566,1.7071035449062901
apeiti,0.9664761664408,0.9468937119225341,0.950114366692327,0.9633576922457742,0.993407666161359,0.9891316384677221,1.09784343221842,1.00700334921525,1.09715493332964,1.01321517907501,1.02560560482856,1.07226852347644,1.19006991953564,1.09361071624859,1.0830275806627199,1.12076918757495,1.1347098171327799,1.29944955397572,1.13021949985294,1.30161516767522,1.2231319040603401,1.21437109128217,1.21832312136061,1.27788430274629,1.23126873959688,1.32450266690159,1.3610527017006897,1.22343171853797,1.4323100779828601,1.4046749755463401,1.3074410253783602,1.439477119075,1.45125480130781,1.5291297424175,1.30881658122146,1.5234164628525702,1.3665278518675,1.50862065720458,1.44856340419702,1.52696628029709,1.62939928419646
bacctr,8.5434704185523,5.7464193193185595,4.75994550636979,3.94903784028868,2.6879770336627202,2.00449366460973,1.50482158791313,0.9741469026253899,0.9204753564422241,0.5856571000625159,0.46204389378954996,0.35783885710406393,0.319579097610188,0.21296559444205998,0.15927538452129,0.11975187050274498,0.0945775450268865,0.0729329555040713,0.0506033015314043,0.0403094326095427,0.034309114280562,0.0238437632122066,0.0168197441314447,0.013915335625425,0.00860963581234635,0.00638390461331124,0.0049045254026162,0.00366867014161452,0.00310244210177201,0.0022294348425158602,0.0016129059324491199,0.00133892727165228,0.0008792456183857349,0.000666512718597679,0.00045067035699219104,0.00041248210237286603,0.00024058627975193198,0.000210750139977522,0.00015755069782621102,0.000107739433616888,0.00010061218323206
bactc1,0.00512612659547589,0.00669429232604672,0.0061321821894148795,0.00942433134570018,0.0120749262976717,0.0144775917877358,0.0205376149266374,0.0253472599575803,0.0276560986560419,0.0348995024367498,0.0438724045684547,0.0490907088486799,0.0681402548287683,0.071806745953252,0.10434295689633499,0.125477357830688,0.149585388455109,0.216902172881674,0.22752102988096398,0.326470962843758,0.300954732624626,0.407773232973563,0.5654278209268639,0.581268776555227,0.837642949860547,1.20441860050498,1.4756516807375,1.4258487239483002,2.02392748631443,2.66932245384898,2.49612684603209,3.42086797665889,5.2519063984207195,5.9720432394943,6.26016077809587,7.72372111545275,11.3082534463521,11.741750175899801,17.828729018359002,20.343113888343503,23.768762018984
banagu,15.256691601081199,11.6229714798844,9.245813211429619,8.50253415983504,6.6056137941682005,5.1521496103484905,4.38521252339026,3.1804966092580096,2.9801682138143395,2.08466415611232,1.7989224390272098,1.43419092210363,1.2947256094911799,0.9426974885532329,0.79605963147809,0.6546907437815551,0.539391996374216,0.45859791588474996,0.33836609658871397,0.29857000510035997,0.24085570498372197,0.184537869680769,0.155401997361962,0.1223705456896,0.0894536377868544,0.0772190542119044,0.0647798476611676,0.050090437847914,0.0441656546615435,0.0357896332844872,0.0255409480552614,0.0219814915246694,0.0178264068873004,0.0144553793112468,0.0106775248455613,0.00947779581761405,0.00702845269583678,0.00592851490544955,0.00533617268172347,0.0038128477808031798,0.00342116354153003
banico,0.0325089807105288,0.0304495419476083,0.057999466210278,0.00525313092704771,0.073912704780035,0.0453611570174914,0.0836972750407242,0.0338400416388319,0.0727646322590426,0.0343624323562667,0.0511307318892069,0.0909108796476513,0.0611929492900518,0.0806687928295851,0.0540471489926567,0.0673468575118614,0.0844514361608763,0.116942587939784,0.0543814048789438,0.145599893662293,0.0783366065877751,0.0833794659063772,0.0853001759101468,0.143624515844662,0.120087289635606,0.12236998176099001,0.119091189956977,0.11769454477202902,0.180946060352601,0.127913284380509,0.11787043289616199,0.17604292218101503,0.166923325403742,0.202710925360935,0.129732853032412,0.203382654707112,0.146172185526103,0.23371714546983302,0.17488778456743098,0.216711698701161,0.211988954605096
brosgu,0.00795683439997745,0.00950994334319024,0.00511550706593047,0.0099033838518934,0.015907935909178002,0.0135051958266266,0.0236994165020512,0.0224248265049304,0.0178021547413862,0.0260339793172102,0.0310840788205297,0.0313352052566132,0.0394410718813381,0.0390848961822079,0.0599617491665854,0.0650354911710898,0.0680741314848535,0.12119166421220401,0.0688092978267323,0.16266610919604002,0.0520219951907659,0.135988886231666,0.222345095163992,0.148135654360893,0.271444760044381,0.402700505009029,0.36894138005261295,0.233231244329225,0.50028713056725,0.5684719162642901,0.25857427609339395,0.67336637848446,1.18642362780099,1.02597248485662,0.7219338074205122,0.987915920638432,1.84957826697045,1.2312699694448401,2.5173175797346,2.1077561956976103,1.99734389994428
byrscr,39.3971104682403,31.768088381229,32.576472281502596,23.9534803212455,21.6055338632302,17.9389587337603,15.1880792982274,12.3867226060069,12.006245133687802,9.3998578335307,8.47310576862854,7.55085315874399,5.62213664409734,5.437914339610191,4.423869640999481,3.78504595056669,3.3671017931692098,2.52946907614196,2.28776085750615,1.96875577967343,1.8322648585251697,1.46683777122157,1.2283761183959199,1.11737806541046,0.893134746698793,0.707510052012677,0.5871018601431091,0.5826192158575649,0.478555012051318,0.379688563165141,0.338288246944257,0.28843121669835803,0.227320763751849,0.19846089492622698,0.180486759620591,0.15112434601577698,0.12086184888130698,0.11180168576816199,0.094322625706381,0.0741860924426386,0.0641850442480197
byrssp,0.11135366285005499,0.121512322955603,0.126993057269162,0.143813392923334,0.16107205197267002,0.17014588820309698,0.19541729500607502,0.21192062241667498,0.23727954514957,0.24723915154748197,0.284258541137398,0.29853627504713204,0.317612073072073,0.34834196099417797,0.39737894649541794,0.438445274141231,0.48159650593358705,0.51417408816708,0.560204273366085,0.648064399545896,0.666423525492908,0.7247512336665691,0.876430669137111,0.855672181399976,0.950911073610454,1.11527514092561,1.20294906964819,1.34004656814143,1.4011866465591898,1.5807625307388797,1.56672322805096,1.72628482603194,2.0541180605885603,2.1445021303130503,2.40729481902917,2.4449888932720696,3.0099199025617405,2.99520856235415,3.82116191352557,3.66477556774508,3.9589029895362597
casear,0.0301489226173076,0.0343874669247492,0.03956062826699099,0.0359101114290744,0.0511910213493374,0.0563012487250115,0.0737928283158183,0.0754171605077193,0.0849317231141469,0.0933281030377306,0.0983305364512325,0.128567497489376,0.14405403780690101,0.16189299462794698,0.165619516424284,0.18823528034691103,0.21295636389858202,0.298887982769537,0.263805719809936,0.379259893550484,0.346275019568982,0.40130267896532595,0.41132153327232795,0.560777672414286,0.633923553830715,0.713214517075978,0.807745267046564,0.763030232491035,1.12344952941865,1.1243393617230801,1.1768799915260801,1.5195952477654902,1.70643007338705,2.14811107352179,1.80159686705088,2.5393974254123397,2.36102059128321,3.23442610570941,2.90571324459445,4.14374735799351,4.352700299178069
caseco,0.0462833098895805,0.0133833967062972,0.15380663272753398,0.0,0.10363822609764001,0.0388682034781844,0.0732441498585978,0.0287585061264406,0.15011345986771,0.000574119664254247,0.0991113705340656,0.10737113856351,0.0,0.13874897152259802,0.056775022475784004,0.0714094958789374,0.098645702624369,0.0101856574232548,0.0859974364994515,0.11139060739710199,0.11325757015106801,0.0348901546038639,0.0901591857080417,0.0966839495433292,0.0508607374073377,0.0602892536601083,0.0571715079038081,0.17085956113553602,0.0899722693228905,0.0398819371645268,0.0913831646828769,0.0856872198240057,0.0653100001877311,0.105289964548975,0.15520094888030098,0.075092988141429,0.0990568449354896,0.117913974067106,0.14919585940712,0.0371606529096395,0.0871068697365472
casesy,0.542190921451873,0.609208142247673,0.51515687667012,0.7591761638784571,0.594485750182741,0.735678232863035,0.694691453458445,0.7978477903962969,0.733852105021169,0.878838408685389,0.860055450651942,0.857075185958032,1.12755450020447,0.885486105251155,1.17544052543407,1.11807091783139,1.1692276424486299,1.2933182729388302,1.3399037920281103,1.27690511033396,1.4420385752100102,1.5659522867372,1.4966027236675,1.6883636845716201,1.83415141125595,1.87169519241001,1.9795182927124,1.86449206542294,2.16771348957663,2.3587531513786297,2.3720418778291403,2.53979189982373,2.68896086381139,2.64125164807204,2.71431020448443,3.0990194949260097,2.97990299588024,3.29003036981453,3.3053302484133,3.64794143720207,3.93728752799848
cespma,0.0,0.0201003887822992,0.0114152934305553,0.00237015977208641,0.00182181001277898,0.0229160887631468,0.0,0.0286454313207459,0.0,0.042668047978170996,0.0,0.0149730309635672,0.0166286356490893,0.0179147066618963,0.00246571808248935,0.00434027327414643,0.00347733324615454,0.0130344179012299,0.0252177896696253,0.0,0.0172740495376974,0.027305270223521,0.0,0.0283942445560121,0.0337282107122661,0.0,0.00859037514437648,0.00389682403990113,0.0044411208793633,0.0155672658723903,0.0460761059993941,0.00632986981125225,0.0,0.0100534997077415,0.0133285044560915,0.0144997122367801,0.00690677216937757,0.0158569912107038,0.0,0.0571284603164154,0.0061833337253673895
cestme,0.113482595946401,0.121329005985798,0.143240083248174,0.150732433700457,0.13910034995975198,0.16600625101879402,0.162099504531681,0.17148991851934697,0.18658618853438,0.20992058306950503,0.196926771341667,0.22948238613108898,0.285478414757144,0.273653653260858,0.27407046784412303,0.289167551738036,0.30856971283533896,0.349240868621507,0.363100361727192,0.362142000383005,0.43450705717690297,0.463082639622602,0.40585865476433597,0.54788178678471,0.5444066204358929,0.513475210032464,0.5722047235545219,0.572874429565691,0.6711631149554419,0.6957070253467341,0.8321527571433578,0.90299753723803,0.820000174647967,0.9245365185558531,0.864360009825855,1.1364347351236799,0.91679863899681,1.21078666156178,0.948975228328297,1.28024953211279,1.4665201889035002
chr2ar,0.000342849277654211,0.0133106402779952,0.0142792874369777,0.0113091247357749,0.000130831385062848,0.0194699833760174,4.016597956177371e-05,0.0187917438733966,0.0,0.0323254060120054,0.0,0.0170029349212532,0.0295160845340666,0.0133007132548185,0.00231081070031391,0.0054674257722163895,0.00575482910245301,0.019380491637717,0.0209074920335683,0.0,0.0239773373232142,0.0274285773996825,0.0,0.0374782131208717,0.0271616916850069,0.0,0.0141066267834052,0.00368659810472222,0.0153015148040454,0.0184843151649557,0.0531584041350897,0.0174908525307266,0.0,0.0158757934918604,0.0069636914080216,0.0379099401398231,0.0,0.0344899208222192,0.0,0.0681052417680759,0.0269061466964245
citrau,2.5435764627522404,1.84857675406385,2.18194355701285,1.8370000659442698,1.25676309219051,1.1289531130477801,0.858010047003947,0.681795348360646,0.780319166062468,0.560065223843258,0.495990516873976,0.43305297371880397,0.38486860846563503,0.326040280831849,0.264452348517486,0.226605223442738,0.200283549304056,0.146397740880593,0.13858122988712301,0.10543871730282,0.11659649003592201,0.0902319852179546,0.0712281905356533,0.0679357534992559,0.0475737137098213,0.0369992475594756,0.0320839972318096,0.031613501895574,0.0254038358749076,0.0206410973082488,0.0197444133468703,0.0166081068332337,0.011389371776428998,0.00997049933481921,0.00899649996582496,0.00835933540866078,0.00572875960760575,0.00580968775969994,0.0045051698562422,0.00350585906015186,0.00344498181176531
cnesru,1.0750681969621199,1.00633865768965,1.10254981024555,1.15989955453501,0.99803397374753,1.02382175745462,1.00832408570081,0.9721401228252758,1.11158992348233,1.0148685059825402,1.03713520060409,1.01779034680305,1.0959201317785,1.0125356362189002,0.999067119685207,1.03002468415987,1.02629530342701,0.975471045583148,0.9932604963704941,0.955805739985233,1.03537581368486,0.9886215052126841,0.9806263641358849,0.975335594309894,0.890191393994039,0.8934610004438759,0.8979046139647231,0.9147817687771171,0.8703885027178979,0.8796756810934241,0.8816169601868009,0.873356723729696,0.8155842899694301,0.8135991580886279,0.7968289439479029,0.8269306858803109,0.7616394676752319,0.7857451992451461,0.7631819230759059,0.7258659514289291,0.769068162717195
coccma,0.00287559679243887,0.0348040528155812,0.184109653321613,0.0,0.0840011814230809,0.0716593669852505,0.0396810174679738,0.0633311694036551,0.0799176830276919,0.075527988254975,0.0492606036401907,0.11011627757567098,0.0,0.134814600578466,0.024968622800492998,0.0477205741481096,0.0650005820799214,0.0216124335292263,0.0822840055054958,0.0506027932024166,0.0866090311495466,0.0512961165761864,0.0281292395694758,0.0983312641834353,0.0631193335234915,0.0148977680065066,0.0354573376185665,0.0941771009492313,0.0510184009362345,0.0303976514987799,0.0895398823979967,0.0493686982581941,0.0270247323509976,0.0567864690075747,0.0801691897581226,0.0467944495243251,0.0442175332434484,0.0651400440002577,0.0300799486235511,0.053938060400815,0.0375090491729531
cochvi,2.1878043767934496,1.91467160749224,1.77827835393518,1.7663903079113998,1.66031566315795,1.45838621135525,1.44464006933028,1.20728974144046,1.3012312245380802,1.02983214497565,1.03432920228651,0.951433924148181,0.9248947749060379,0.8043246258850392,0.773117813426071,0.7343954300226652,0.704076720120562,0.6731724699159761,0.57237445548353,0.5970873127643851,0.542257569645721,0.47052410339637707,0.468620849401424,0.417325415881215,0.352712290178767,0.35900738534636295,0.339957395665467,0.313253767000387,0.312135468544716,0.285763656929732,0.23024760215340198,0.230121621505439,0.21978769967626102,0.206105087278238,0.18076525518053,0.17774759865266399,0.158092334905069,0.152179306255474,0.16147593131478302,0.129271830566056,0.130850627083349
connpa,0.248889022531232,0.291265039176941,0.192029880847404,0.35222769394433506,0.24854958209995498,0.298810595190442,0.253165817455043,0.436618363879736,0.241293315793206,0.480504794733738,0.430314978792701,0.297798425853782,0.36606076847758,0.45296797818758294,0.567284637369453,0.54969598952169,0.49864636614857705,0.38878499540137607,0.7444456646059159,0.40594720492606395,0.594123049769042,0.7758734788486951,0.923329780603713,0.43021620000461896,0.891225310054177,0.8808809767284119,0.861785344459886,1.01255772301823,0.524200608377141,1.1199568793851102,1.1335184411725,0.799893445640472,1.3401091485963401,0.9626704340857201,1.70253892450423,0.793038741366042,2.18258852382642,0.8371431265232401,1.91942429303945,1.4963636415885901,1.30337584817469
conosp,29.884228407588,17.8628874683395,14.312461332743402,8.90247787702205,5.81996360889557,3.84411150044405,2.53375065964113,1.4842508309331297,1.2057029678503501,0.7177361105481541,0.48815862787977504,0.356424013906805,0.23906155567942197,0.16543772395695497,0.10344093004583901,0.0677975131571623,0.0470372438887636,0.0304382783328037,0.0198041955474093,0.0137774916397739,0.010405769853310999,0.00642259861274432,0.0038652440753933295,0.00303798352221966,0.00176854818983495,0.00108940246819231,0.000716974082242903,0.000516623046901273,0.000373223594667586,0.000229531014463913,0.00016116509595853,0.00011458261063748,6.60254476770758e-05,4.6461629839845204e-05,2.92766581371503e-05,2.28851955880808e-05,1.19803556864888e-05,9.64047463465125e-06,5.98033926984929e-06,3.89429222565925e-06,2.97833487706693e-06
conoxa,196.971309765528,145.79515788594802,146.392890084887,89.7670939489558,76.3445941695273,59.9117466377936,45.45692543897351,33.9553772445251,29.3681341807849,21.777872142004,17.0292801374737,14.175692420921099,9.63816681313827,8.47882767074324,6.07733458579038,4.6206927381319405,3.67575380155391,2.55244140727181,2.07848031127435,1.57162773999459,1.3398112917756297,0.988901334465667,0.7153716023407259,0.607438765444351,0.44660963761846706,0.30862663368251597,0.22830460419436302,0.196746629334899,0.15096036997040801,0.107770185885373,0.0898997740609074,0.0684738119697194,0.0472230376450257,0.0369452077707161,0.02988710432796,0.0230967111744246,0.0162546933247708,0.0134294608629147,0.00969055796805625,0.0072665381893686,0.00553161020672059
cordal,0.681800140002917,0.6639249528426701,0.7246479455698341,0.6423073931200259,0.560196126697523,0.612453650355104,0.509419328440705,0.522481756199107,0.5045794334769229,0.503125763391528,0.45054991715171205,0.465580103953539,0.45781473774685494,0.433136364750786,0.388972612521704,0.370056249305115,0.373217164206127,0.337235359306378,0.36244647976610206,0.288146038004268,0.354301922250759,0.317585485240586,0.25667706632558895,0.306497975174188,0.266338693430326,0.22921396460831198,0.231053484939424,0.230895623363927,0.23161287884464898,0.206036371919268,0.23866447660293502,0.207929452506697,0.168013620327853,0.180885919742156,0.170457500301455,0.18672832223402203,0.13762242354995097,0.165457069676404,0.124735191848898,0.143567005074686,0.14230492364072
cordbi,0.38153014687087,0.393647275485185,0.389706627261995,0.423897495820549,0.44069412131626,0.44942121327630796,0.493295851991614,0.49966826374306894,0.522380150231428,0.526432007571906,0.555607785443901,0.561051215809055,0.606794003718687,0.591460442436843,0.632951979854538,0.6655784285316129,0.6889087726465319,0.734401588863298,0.728662386171935,0.794838517687293,0.7715033279141541,0.8059352498167249,0.877270942916773,0.8476763895792471,0.9007675719015591,0.991366668585891,1.01264740199681,1.00642536255292,1.07066036327447,1.12859164519441,1.07060255553681,1.15650811375831,1.2623662161951898,1.2836679479988602,1.24875389050383,1.3364233117608701,1.43131743579038,1.4251202640608502,1.5781641731918898,1.5613039354987601,1.62575956694228
courpa,0.0102623671948815,0.0080111202162334,0.014958963176168,0.00956987390136067,0.016718724618207,0.0126650244940073,0.018960656406478003,0.0145123869728141,0.0295132294760293,0.0143796132546531,0.0297019567817742,0.0294856110010698,0.0180477127122618,0.038456050356753,0.0352400261404021,0.0401658437889092,0.0480825160523238,0.0373698864710863,0.0501088405710634,0.0713651168430876,0.0675260190011847,0.0551766676502556,0.0898978880457529,0.0812397945146542,0.0775526071483738,0.105713991367221,0.104938437563982,0.15862535683075799,0.145910670065825,0.1282494855415,0.142315820316614,0.180648423866929,0.196057481290816,0.232472109930657,0.28019400954189694,0.246413862144703,0.30705535050591304,0.33712056173001403,0.49408877819009295,0.270144576133949,0.428023127634688
cupaci,1.73844850676858,1.73426661015575,1.8860256319263202,2.03140925387148,1.49867172159845,1.81801397647597,1.5091898276698703,1.6453110144644298,1.66849303923375,1.77208996895136,1.56620731009526,1.6004525605505202,1.8820144938297099,1.5860074836570501,1.54762375141548,1.5598465844353797,1.6053698347393601,1.49108678905249,1.6753254430829099,1.30388258491065,1.7603700663131499,1.66050825220399,1.4185844160901897,1.6588310024508899,1.4583527749385903,1.35640612933157,1.4242557686197002,1.4457962602840702,1.4335616613109698,1.4170624622404298,1.63771748642025,1.5040369939875302,1.26818882269524,1.34766876143322,1.30908024750551,1.49619043849192,1.19102861956875,1.41350263288275,1.1300364214581398,1.33605611981668,1.41217640720592
cuparu,0.340502906725731,0.27107337696246403,0.43657572178770104,0.36215264817684895,0.31386220459159997,0.32977946462409696,0.332280888396966,0.277646868320884,0.46109473577482396,0.290957359810227,0.367768734626005,0.385118965661752,0.3903105023070201,0.37171915434899605,0.34695772780041606,0.373165705169423,0.401012821238002,0.35150281712119297,0.36818862186296397,0.387561323344795,0.45910026124735104,0.373037519834231,0.36768620206054203,0.43635269454170794,0.345194510692667,0.35634732256081997,0.36553931640237897,0.42008955226925604,0.413555297333633,0.37320235313174105,0.39776203549538397,0.407869074103062,0.340535770091028,0.38188431759950603,0.36862455043160103,0.41411239663849,0.326533470653675,0.41884338049252295,0.37946470130674803,0.353265106518896,0.41005138864827095
cupasc,0.168367216488549,0.17599804083648898,0.291892264570985,0.0,0.33519326267976,0.193986780554923,0.27072462989792606,0.25025735358371204,0.249636561174837,0.220636782203958,0.29310985247029997,0.322300131895748,0.0,0.434745993619905,0.247201719874359,0.279274260926997,0.293900567522498,0.192216826127908,0.320186890236295,0.371440146565606,0.24861394420816602,0.262189992929235,0.40354603247583004,0.30032548081329996,0.39647258171378397,0.3590066740099289,0.31252987215767997,0.5069626252984529,0.342877154871786,0.317112072218451,0.38527403833910895,0.33333712596499604,0.45939044231848003,0.4650717032743061,0.599950247169038,0.277315079231717,0.640454444710301,0.402690724919083,0.6433349034906409,0.432750268407462,0.330767342972555
daviku,0.0,0.0,0.17878899481125102,0.0,0.0543857170765358,0.0,0.0048039287612133795,0.0,0.20221296011139803,0.0,0.0479287653477882,0.0134094107990888,0.0,0.0560011329788151,0.0,0.0,0.0187328305346924,0.0,0.0,0.0507367107847992,0.0148563347988439,0.0,0.0285615137082483,0.0,0.0,0.0012150458739738099,0.0,0.0481517266053153,0.00661576818600043,0.0,0.0,0.00677364312503315,0.00247044406355112,0.0107080219879338,0.020055683898718004,0.00045075947519894504,0.00958340375306709,0.0106861318990767,0.0261442152446937,0.0,0.00640536782432001
davini,3.46391697008991,3.2899586891412502,7.845354660832701,4.54088600675564,4.15793785563854,5.51545776359988,4.15419968828309,5.142120132217451,7.69713347875366,6.650527626037119,6.9116138390790995,8.11567978301044,7.060279380689441,9.29841953183235,7.248588979488781,8.464878946502779,9.381014986546349,7.425551323390209,10.2949703710029,8.6314702433094,12.5288686205847,10.905410570647,10.433736655009401,12.587767502743402,10.7409411634724,10.0551711461456,11.1652800830751,14.051658919231,12.093149759200198,12.399659571169698,15.309849403448,14.358949619212199,12.516889630978401,13.938634933517802,15.7001512132879,15.7582687802085,14.7265322825334,16.5711733374431,15.0629201894146,15.870694689428598,16.7060227456712
dendar,0.000745014263870821,0.00305261968280355,0.00571353492231514,0.0,0.0051139778624441,0.00735077178383673,0.0055592814719281,0.00907888044019349,0.0038252468216954704,0.0166479597592782,0.0038692360640583297,0.0228005744782917,0.0134549082149282,0.0329361299545335,0.007589975787026,0.0169567867361585,0.0232577869318275,0.0401766717408408,0.0424002586347178,0.0373105018222233,0.0564299051111158,0.0741215044999373,0.0,0.17053818757338401,0.17884161274526397,0.0252636194840565,0.10766328915894302,0.147343958628986,0.22562299418844897,0.156180409086563,0.48790602822652707,0.36253144625055894,0.192968789727737,0.5919476561336949,0.426383702798194,0.745746834489211,0.25544993716867603,1.27134712504487,0.0,2.2220437031769102,0.9633517563870642
dich1,0.0111206493008216,0.0151054822359755,0.00873308245300452,0.0157580828098332,0.0188046143986173,0.0214993816860706,0.027412227241187002,0.0297130703590609,0.0202003152084231,0.0367173191471365,0.0297050915962866,0.0369957857213931,0.0569373624595662,0.038967986458176,0.0583209595477535,0.059880985695076,0.061388766036409,0.116713183121996,0.0732150178731112,0.114635761497226,0.0692113099824997,0.13119254210695802,0.12912440998643301,0.15958343501215,0.22694263318140898,0.260506416051091,0.27337442610637697,0.133781493551918,0.35827267535135204,0.38740204915916204,0.300767378046213,0.458159793875522,0.624101918204441,0.6143768376241661,0.34144167110256,0.735710979919264,0.7522641387841781,0.8274777821808911,0.8163878029339829,1.4423914039491699,1.2226632115612601
dio1me,0.568708052622844,0.563617654542849,0.585430289864051,0.535987610091618,0.536477997162779,0.538140619852604,0.539748898584646,0.522837345855049,0.510341901712392,0.521070010056144,0.48903977035462104,0.516328297952402,0.514623405580822,0.5105461097205221,0.451726128830468,0.466655316114735,0.46057035082485204,0.47369249602404,0.446829524817106,0.443267416169016,0.446354390739476,0.43787646388039,0.39657570334702097,0.430789058662912,0.404325040876357,0.38057440115461894,0.37693043771965007,0.362163430169387,0.37420560786377205,0.348223822599295,0.37001247583797203,0.361872457234632,0.322704731309206,0.346406464087139,0.30293958900100804,0.339730124023889,0.281353666524595,0.319386102629412,0.23906155413234603,0.303460703834527,0.277813054084805
dolide,0.23956153403552105,0.257689087811806,0.37175951259525003,0.26689607377398605,0.283368191891139,0.340936383712619,0.28351467163275296,0.34775641776451,0.362827520069709,0.449363350821054,0.34643402629939196,0.4643888058520921,0.4414911960362029,0.532090620474806,0.387264832805266,0.458629541603231,0.477930099557504,0.4688814233718239,0.576282067248256,0.453033823937932,0.694154968352901,0.655060949569754,0.481682570394155,0.8338158646963679,0.7110614425294242,0.504007370235174,0.678535942409274,0.8172197413334341,0.731487862117525,0.7483071465155509,1.18147456339626,0.931302991203251,0.651361617661677,0.95782624734221,1.04220545757419,1.19162587964483,0.8078613733642641,1.3364429461976,0.625783207159211,1.48594166525538,1.3415344442681598
dolima,0.0983538779461884,0.133421736063121,0.30188129893508503,0.210938271963005,0.104376520508055,0.22755110913782198,0.0753184979803929,0.19310448531311702,0.21852564997094198,0.291702376215925,0.16187219925211,0.28640405512517403,0.29973066200815995,0.308990772419457,0.192582164856999,0.230651271108252,0.255101707437266,0.20050459242776503,0.356435499541872,0.14308288637445002,0.481438317606021,0.34773880992016704,0.15845507919220497,0.507540039919572,0.320473388091057,0.16290131939588598,0.32552612463720193,0.43410497960807304,0.345107954049486,0.34747750357920304,0.6511939829255229,0.431404371542844,0.19718422304981,0.4088652394370779,0.486164603589324,0.5669133595828431,0.266683134953923,0.612162194679957,0.205041377156988,0.625968867267834,0.5968143013163449
dolimu,0.033022117121052,0.10813847987663999,0.275196659796019,0.0106995346372831,0.135629054008027,0.19651787318383399,0.0957050187516132,0.18844542404393502,0.15021640152352,0.28156162477103697,0.131716376931095,0.312147980731187,0.180004230237173,0.38718165685819894,0.139423670747233,0.22323471964506197,0.281929984419581,0.221847822119143,0.3937210525626021,0.23119269982513602,0.492915933419231,0.425122294228265,0.204513234944651,0.6469903725931,0.526711115411588,0.223780529082531,0.3797459866161749,0.62493135602036,0.48690530940531107,0.46840477125061897,0.934856679979322,0.688571831178184,0.44976529024959705,0.734427017491716,0.8468763954708051,0.872681415875,0.652038176173348,1.07703208855803,0.430920855946402,1.13728169860643,0.9378160885876361
ficuin,0.12275854845159698,0.102182770626675,0.11503263953574902,0.139280185525447,0.101112765803829,0.111672244917459,0.122235805781284,0.0859213874966579,0.12873815814654702,0.0885325345626134,0.10120385134330198,0.11185884373193199,0.156326088170147,0.086941795765674,0.0961027876091646,0.102729114990431,0.106432595639019,0.137650861627466,0.0873764640316779,0.11477954827547801,0.11639136757921001,0.103914709722261,0.0929186515272686,0.11655490872650999,0.0817260603510616,0.10135320092100698,0.107693340846279,0.0765053847410356,0.120291679158533,0.100108736755911,0.0902574610496169,0.108878966642224,0.0873396575406529,0.10023670058213001,0.0660877281115312,0.117786602390255,0.0640950112526203,0.0999678761801641,0.0762507181386072,0.0885714605139371,0.10565967371686802
forsac,0.0273341846362204,0.0306004773689385,0.0386144644880452,0.0218794629764126,0.0491005012725084,0.0404072791611546,0.0556231213065159,0.0506731219516023,0.0575794510268885,0.0527896011882878,0.0704957246620843,0.0831205430269921,0.0468044363742874,0.103379313648536,0.08448564503426802,0.0993670763114176,0.11830865875723802,0.107019611244113,0.123993610634025,0.17084513321394199,0.133678555527962,0.14311760845132998,0.192584986125447,0.18712209318915501,0.21349035799792998,0.22634544943256305,0.20521983313439898,0.322901448064457,0.27697047216857695,0.26046790454921903,0.279210637057294,0.340994365761192,0.434147848299892,0.46727065782730604,0.556144436836818,0.373905313037129,0.683189303739284,0.599483483585004,0.802091890534929,0.569754520387064,0.528351325799866
gouapo,0.284379630803098,0.2830623466544339,0.28812267221381604,0.29677316620389005,0.278876972132307,0.292984670674497,0.290740608754247,0.27566264528749795,0.279318796354765,0.283008894213226,0.260222585374027,0.276540495244508,0.33606718799334695,0.305705823993599,0.289158359546265,0.280323971538594,0.276203655410024,0.31984232464336604,0.29469783866939503,0.296331783194014,0.30946900592521,0.315251572684698,0.26868938460193303,0.321999080389701,0.308240472693226,0.295206928761339,0.30844386649209493,0.269765785080405,0.312487016612775,0.3146910067783,0.32678642161008103,0.35708705785183603,0.323869860967269,0.33767401762268395,0.280514773576399,0.35135427333709,0.272897053211186,0.322599826286508,0.259596776925755,0.30709299476706603,0.3493092866736531
guatam,0.00260238792165961,0.00417616295122312,0.00395316119557921,0.0038953524761276104,0.00572776047585429,0.0075112911176083,0.00790535874144142,0.0104917286165987,0.0073456063330678,0.0152458363312956,0.011122971918395001,0.0175645873945129,0.0207687568270818,0.0230189429880385,0.0232929321200869,0.0268477874735759,0.0307823234886648,0.0466720326715296,0.0449327446018341,0.0533042788857363,0.0540284024466483,0.0773508508783852,0.0631177790653295,0.11514819351040302,0.1438188317189,0.128198444431546,0.15569921057843,0.147174480311012,0.224675571335226,0.243199967901075,0.316687986431098,0.3529786856322079,0.402337964238363,0.500266591842762,0.436696504741188,0.640766792806978,0.638645509682396,0.8836237339295671,0.629138010256592,1.4100117879168999,1.1643849340123602
hampap,0.38159736630437,0.396261114830087,0.4384955759136961,0.35651803935809,0.36418376511679096,0.397284890187138,0.36003266034600706,0.3784408750198329,0.339426357719155,0.38957024354525105,0.330622650876917,0.36790777399217406,0.36443217399271505,0.38466044781472797,0.338905149803223,0.324164417068169,0.31527841654612704,0.32385657066763895,0.330982176945185,0.29985191558211105,0.321191238397069,0.330163826162352,0.266358903906204,0.32842739821080297,0.3420410415300851,0.28666176525160997,0.28165956750907106,0.273012601799071,0.27891989489019703,0.265762368825712,0.31279264260509804,0.304102148972104,0.266417767093378,0.27548125908716103,0.263475353853691,0.28130682613912,0.237313717161563,0.26544467995936105,0.19555384938702802,0.24778732377802104,0.239728370640643
heisac,0.00168430984361446,0.00285129357614822,0.00113219534930735,0.00345491268066796,0.00280954820246117,0.0044640043214726,0.00419831472226039,0.0072272020403896095,0.0014104785957099301,0.010579585456561,0.005841148146876821,0.007699722991765091,0.0156526179687702,0.009011614146632941,0.0153893638026997,0.0161658207157495,0.0153747771540995,0.0332188279825809,0.0274527654112377,0.0215049951649277,0.0229507722899597,0.0520911362728923,0.0419474455213852,0.0519138458901477,0.0914858902250422,0.0876029805704368,0.106974225177285,0.0406664173944081,0.10946474076428801,0.17884502311805398,0.172463257393695,0.182868174058392,0.28497651196882695,0.24745825567463398,0.19429382178526602,0.359597856014825,0.455890032522505,0.36196320615481503,0.29242850308353197,1.02885494967737,0.681703456531744
hen1fa,0.00318375005889166,0.007265711719459929,0.0238452068141133,0.0,0.0211253776210119,0.0138183576781777,0.0177839226538881,0.0132108047505827,0.0151850035501026,0.0155817187486696,0.0116583341111309,0.0341073434210435,0.0,0.0418439406904945,0.00713067557946315,0.0148155182041168,0.0217560628713775,0.0214959665556872,0.0213983198536261,0.0387476547213861,0.0225008457965944,0.0206379598677069,0.0144417625966793,0.0589846701607561,0.0513049186693671,0.0166415701725249,0.0235369697984906,0.0549565520156201,0.0562858458988376,0.018440933574679998,0.0642239995141173,0.0539372353505211,0.0424474917188697,0.0844316970688425,0.0721742152065249,0.053940560175383,0.0558275148939763,0.105206460547731,0.0337195151274512,0.11405943063638,0.0419418324109285
hyeral,0.00585303335610504,0.0214553756478922,0.13143662167342698,0.0,0.069045551357921,0.0531548924824536,0.0524244835519093,0.0206007238107589,0.0620418239028893,0.0379754070602601,0.0138028215897847,0.0856581954860784,0.0384892148782321,0.0737459770225434,0.00183948014551621,0.0241822521976645,0.0373200299151057,0.0426705948385809,0.0239358096052179,0.0458595349206142,0.0429734748485969,0.0240539627048797,0.0,0.0757554290962093,0.0329230665315214,0.00402243144074335,0.0210239182154681,0.0342401288025984,0.0409252952812301,0.0137637877588906,0.0381848092496765,0.0333002958822722,0.00679147924524789,0.0339558145311461,0.0149170382305274,0.0347426269856876,0.0,0.0433437870399184,0.0,0.0322096019349745,0.0216870237448199
ingaco,1.0657259134046702,1.0615511041071,1.15010054385239,1.10284235230926,1.24012783536581,1.2156564074961298,1.3255919055665402,1.33146874632507,1.4412303991674098,1.39037473259317,1.53294879663048,1.5575009861257698,1.49671731632552,1.6815948990385698,1.6927252065539,1.78155876492406,1.8627645545845801,1.8592091832358302,1.9301926229316597,2.06170386953696,2.0756128705616104,2.11548982805722,2.29702332591829,2.2220674243522702,2.32546099607643,2.4550793421474104,2.49482208351815,2.65364083218901,2.69555256506921,2.7248312993396198,2.7726129592967403,2.83400430739393,2.9962960684490496,3.09787685400698,3.24717491663185,3.2252223159712203,3.49359722628202,3.45576116591147,3.7760144388505297,3.66150966769611,3.71550414311122
ingape,0.0162199004466568,0.0186817079036972,0.0251817035803007,0.0207664132398568,0.0283577233412079,0.0326254131872502,0.0386924556551852,0.0412669516664465,0.048616852131822,0.0576671250638362,0.0559674736148876,0.07853601170062,0.0879529398385656,0.103633399022636,0.0940732158129956,0.114540745680883,0.129096892280169,0.16921668989613,0.163532719612352,0.210544312843167,0.22776252638197197,0.26109857001276104,0.242171498398906,0.39413026775823706,0.399662538993373,0.386034145241041,0.47866787579420395,0.5148944621175909,0.6747515765219261,0.6698275380729639,0.8710978888969141,1.0202450928693299,0.949116925645393,1.31014410731194,1.17330780749476,1.74876230444056,1.3415473577111698,2.28779612244624,1.42542482324433,3.02280451420459,2.95704282208049
ingase,0.017712226711292,0.0269101422257653,0.0225916402924327,0.0208997443211614,0.0292816182362003,0.0319076825716033,0.0281502823176712,0.0406564738660503,0.0208803693443315,0.048603394445428,0.0319124920591629,0.0394398867765394,0.0338314670555256,0.0514161101900061,0.0473139103385856,0.0471353864163023,0.0468068487740023,0.0511682859306057,0.0670287602474506,0.0523872303832441,0.0562713548206643,0.0744062780077819,0.0642185047389301,0.0796602842564043,0.10963353289446,0.0764757353287551,0.0815743630653028,0.0961457821377711,0.0822751285967037,0.106595170885054,0.130755892283907,0.105923290331993,0.135494105689058,0.131182689521993,0.155596707302975,0.107245844876146,0.182516749927285,0.14408468987951098,0.132948243147784,0.22501226013638,0.131280584641593
ingath,1.6986754234840602,1.7573409491314,1.62400853811829,1.6363558915385699,1.56362042089827,1.6093749790950098,1.5070940538510302,1.5831055595061299,1.36522350783351,1.52485623089028,1.39475619200645,1.36528298281698,1.3887487489178703,1.3318118986203,1.3069619637907701,1.27913099094629,1.23371680126864,1.2348602158562498,1.25459200178573,1.1155119529680801,1.12633358159878,1.1624366998278102,1.0932413819990698,1.06955594001762,1.10319457844745,1.04866533610018,1.0307544888818,0.9709130509755292,0.935773496497503,0.9476720471880351,0.982505155505625,0.9133833333000121,0.9003593325384108,0.87174838938987,0.8604996017995401,0.830688783809855,0.837768000853927,0.784488346203228,0.718370201567827,0.787914312369121,0.7266953030834721
iserha,6.657155146439449,4.61400686207787,4.15364121046853,2.71383832248092,2.33758370169619,1.7190383655258799,1.4660420634229099,0.9583903518784,0.904299191517593,0.575845275317431,0.45855865721585104,0.39036237130089596,0.275629565711495,0.225139057877172,0.16257141994164598,0.123219719454599,0.0989451060849951,0.0770419729748438,0.0537569331152568,0.0482907277073555,0.0376500310385097,0.0260847535906799,0.0194795414577551,0.016584617419106,0.0116087378941925,0.00872282289766406,0.006589012931548821,0.00541702625267765,0.00464781828446245,0.00323711836543783,0.0023400429497206898,0.0019139622435331899,0.0014016422569552301,0.00114921487228931,0.000862593222178879,0.000691734950313704,0.000480548783072945,0.000415312415002539,0.000331225682182648,0.000231341381163161,0.000185186645530095
jac1co,0.0135297524171532,0.0263185667167214,0.0396143800026762,0.0,0.0368489152044214,0.0371043040086021,0.0326466173116399,0.0376194090053259,0.0218433185314633,0.0504218512579239,0.0191973122605457,0.0539811474800801,0.0275854100604608,0.0627005951274889,0.0214155037423229,0.031088546511138997,0.033663327243769,0.0502838015280314,0.0431409219114619,0.046053619241068,0.0406372062102879,0.05102576357368901,0.0168077464592336,0.0890667421512343,0.0861491483599096,0.0268490146231631,0.0481944278112056,0.0523491055736484,0.0689295935161587,0.0488616451099322,0.0986185370944143,0.0719426006412799,0.0521106508049645,0.0935916367578105,0.061426415199018,0.0833560965738767,0.0505953137779071,0.11070435423547302,0.0,0.162159829896203,0.0597435641743726
laciag,0.646578249100712,0.7132774953800991,0.7701456142672289,0.9030120807938922,0.839501841561651,0.976694849945865,0.980561925377614,1.14588853483273,1.19337337846815,1.35862254568228,1.4360350396297699,1.5154987134815299,1.67018241439906,1.7945082866710502,1.9480141753006799,2.10833563859566,2.33251389356437,2.27285198690578,2.7876757693623704,2.6448071096405603,3.23279334329062,3.4096192179508797,3.58008857380731,3.84391764532794,4.14742172232636,4.296811704656871,4.6307978831700805,5.42608453217865,5.18074597187713,5.846883623647599,6.7360700454593205,6.6518126965073705,7.044313179517291,7.5432874469029105,8.87998953331758,9.00347971892923,10.0664025143587,10.485821440116,11.4018778777755,11.870958347946301,13.0898967676597
laxote,0.0216976866644278,0.0246223354084758,0.00735113000166815,0.0268900644839009,0.0282619611179882,0.0242174922174585,0.0368462494975518,0.0344386108886755,0.0210188513242357,0.0353709573570992,0.0358718447060638,0.0294351558803986,0.04908039718565099,0.0302535705754468,0.0554868374480189,0.0511766215678019,0.0479572872724776,0.0799599606534912,0.0470572658822774,0.0804543939585324,0.0327812152477501,0.0739643067478036,0.0979982137777624,0.0590793157261511,0.107638573987856,0.140710299454844,0.12193151224360699,0.0686641299884682,0.134886031592376,0.155503314233566,0.0827316690757114,0.151794197065425,0.23211735768984398,0.179846812412292,0.129789674085419,0.17748126668204103,0.262723786250324,0.180240193924894,0.306315079740705,0.264452494831989,0.259608613127249
loncla,0.0152104837998346,0.0208287500790142,0.0104978916020962,0.0582417945413179,0.0,0.0322668145587253,0.00356236106053641,0.0341566075893499,0.0134577708670327,0.0586887894212466,0.0204194715740785,0.0235466317240649,0.11825136364030499,0.00393905768979172,0.0545165801495191,0.0503359503817045,0.0470601624061314,0.0861857653044154,0.0989810493619409,0.0,0.14294470728589098,0.159351171780193,0.0438093576006178,0.141133418131268,0.105449802309053,0.0959698684763312,0.191837029074145,0.0534505872130796,0.153326906384945,0.276549744300391,0.37884681958657707,0.251244595763271,0.11215677126352198,0.171600429628647,0.17113819978384398,0.606571972386235,0.100452693069369,0.43966463127788596,0.0161866693560524,0.7349461815866161,0.8856440450253381
luehse,0.12559120786953498,0.108702875313437,0.12613467372117299,0.11968503127252199,0.10526251174871001,0.10555703409341,0.108328352086606,0.08163170591615201,0.10760807330172999,0.0849498648285458,0.0804170678661137,0.092411526616839,0.114255183697934,0.0838689214774544,0.0724041695782649,0.0764060179626952,0.0745982165592586,0.0913843928445434,0.0627560524858145,0.0767174429254643,0.0754639766439359,0.0678159026614887,0.0554278411691952,0.074779828393899,0.0511825761386306,0.0523877609283254,0.0582471236449081,0.0454459923202215,0.0618770570680092,0.0512604568167263,0.049946047405496,0.0591819785012002,0.0413798729304979,0.0496658193348161,0.0320676855354779,0.0569403198787725,0.0256118965962735,0.0475148755657546,0.0271587085354202,0.0389622943622164,0.0464020916999144
machfl,0.0183877930078893,0.0193534541733068,0.0172642403883079,0.0251822451605306,0.0297734311741162,0.0297137001528307,0.0431294440914826,0.0373926729739576,0.0478987411611248,0.0409616840080224,0.0554550163974115,0.0620865963763401,0.0852350875555746,0.0679031831786012,0.0940654288671147,0.102088102058775,0.114270284457254,0.177491457519654,0.123614064274667,0.22080920781845398,0.164902790439508,0.197855723069138,0.247152613084651,0.264190227698535,0.275678622878764,0.40508649006677,0.44472670850700696,0.33596449306322806,0.6260350335573629,0.612921765184296,0.45707443261201397,0.7867478544192471,0.939226929760014,1.05812885025457,0.7876203837109709,1.3034460142583,1.1821593229746001,1.5244226913515202,1.83370328371348,1.86101449531409,2.4210367318081802
machke,0.11635852846939901,0.125226179892866,0.120213914219518,0.141447768279828,0.15232847517422302,0.15755941280255498,0.18466161640802398,0.18718091423956498,0.202603353818084,0.21134996022640304,0.225972493865082,0.238419601510076,0.277436533647796,0.26917453318497403,0.29501278336133197,0.320472222902252,0.335934921920341,0.387784924224348,0.37172297548337196,0.43453236480521,0.41613447024915,0.452298680295182,0.49793498526169894,0.503739342438165,0.5376700902629961,0.6022517181289839,0.639461127391714,0.6324790130246479,0.6909166718870561,0.746510968093123,0.7166061966419709,0.7899292843905121,0.87474316826388,0.9162684055649429,0.897995288996287,0.9791964265887501,1.05479288469908,1.08076055395874,1.1796136195209,1.22753006012878,1.30047437676486
machse,0.0930919062472922,0.0827310585958474,0.0662493699695986,0.155612973248601,0.0583462036871441,0.0901793792380767,0.075810923838977,0.0857235106717915,0.10020937995772501,0.0927943608442463,0.10367684941915,0.0821973629657529,0.153794595995957,0.0694381465080582,0.12438503553240599,0.116311026371623,0.113512312672769,0.12518312104273902,0.11853921769473699,0.10253354314755099,0.14051117174648903,0.13502910086933098,0.129740493125172,0.11726973688641801,0.10281485763704401,0.13792098122504298,0.14812168271780202,0.11546703285317998,0.13687067705121,0.156843319578886,0.13939719255630498,0.154206162223164,0.141983862823353,0.130942004831575,0.138555923827901,0.179453493460076,0.135092572435178,0.15118138608911902,0.162594592008966,0.14655543969996598,0.197188570165267
mandhi,0.44261690743884496,0.458170927617993,0.44565763793217206,0.456592376724334,0.424541588935966,0.4453234578324521,0.422498366566069,0.42755565999484596,0.403482928051955,0.427279819904046,0.395506437943382,0.399505442186886,0.42826669482644203,0.40222992760226006,0.40083274447032896,0.38804054215110795,0.386442061847137,0.382373927515698,0.38911497422555996,0.36623192729598797,0.377704923439646,0.38067134408061204,0.345141590020514,0.37609515220391,0.373365328235882,0.346090538184568,0.34428096550640097,0.339162604968294,0.331291601881834,0.332963440626252,0.345132409987458,0.342734958729705,0.32605630778027805,0.31757077425179103,0.304949487270042,0.315173405480197,0.292052559681514,0.30479547600719004,0.266583300021793,0.287279502408154,0.29198318223062203
margno,0.178886593172489,0.180729354554763,0.165020027930736,0.235276654551317,0.180813053400095,0.202261355037013,0.197455936000646,0.211732675827334,0.21865423817923496,0.232209705578245,0.23521774415487604,0.21197498867973802,0.299770307932427,0.225580577213101,0.268779907458848,0.281530172940189,0.279721238759607,0.308059035929745,0.31172807664031604,0.277764376630831,0.32710193489977396,0.351149552511154,0.374884837867725,0.324207876450231,0.332530063621432,0.393674328983199,0.4218273958781671,0.3606869014622921,0.393017783493861,0.454665289758404,0.44849123768143395,0.446640644977516,0.46431169638534003,0.446153726440729,0.43151149115689597,0.527654954395256,0.5114789857387639,0.48001117604698906,0.546608948773266,0.558220919721342,0.657533698264925
maripa,0.0196254193160557,0.0260400945813899,0.0243473982405502,0.0338925392761018,0.0433092541543334,0.053602324757614006,0.0670097150479656,0.0859833702015146,0.0841219701507356,0.120325313465237,0.133121758827777,0.15901431075667302,0.202525472711297,0.22716351551553102,0.307457373651842,0.350487046890694,0.415619756624264,0.567390034750982,0.6297665731841371,0.797464132884772,0.8232273145275558,1.11216485834899,1.3419657685811002,1.58418480298874,2.2214790347382403,2.71360034834367,3.1806828860125202,3.29727347272258,4.55341917288488,5.6316800748578295,6.16060813087376,7.69208541449941,10.5446794896308,12.118278056862,13.2667964281048,16.2457057289149,21.6097087185953,24.039149237389196,30.091132742648302,39.3107885964582,43.3272826694703
matain,0.00544639977781414,0.00742750873546798,0.0,0.0139199984239854,0.0028249030542997398,0.00876971549556195,0.00826252260036388,0.0107155822668085,0.0023930126696197302,0.0150317792071623,0.00639155801984544,0.00653445882223284,0.0365655269013619,0.0,0.0196683608032984,0.0164390656569066,0.0124282782559763,0.0477222519933544,0.0138026023247328,0.0204034912678002,0.0155882731211887,0.0418758120386785,0.0256668037700167,0.0337241088554521,0.0467567725792697,0.0657896851797392,0.0772961229644316,0.0,0.0804644797007049,0.10602905307940799,0.0535975001264965,0.10448950461218999,0.11924786637930099,0.0910602220019853,0.0,0.19288257807047102,0.0781537196455612,0.12559571249406,0.0664489350293512,0.289058705400902,0.284245490897365
micoaf,2.1574940465465002,2.21523401938374,2.97045157165029,1.9255011420328798,2.76548575909814,2.71106588083659,2.92865001758879,2.8949458083491497,3.2138395039702403,3.14595043980866,3.19831464950865,3.68641894182525,3.0367836473958496,3.8609540852465805,3.4201782646699304,3.59604573269024,3.7989389994928,3.6288720570785804,3.8195952149759704,4.0660122635541995,4.17872692723133,4.08371539287121,3.9855980273809304,4.432568917070349,4.498121222919691,4.23849054733372,4.12108341029847,4.60971537912235,4.601139612470839,4.34350078478924,4.66533081927204,4.6621713858461105,4.51400022808165,4.78843208060412,5.001222871896339,4.87501958346541,4.80706927159109,5.095848407544509,4.83775826824428,4.979886182441481,4.75101554502992
micoar,30.220145512937197,26.991771896976104,30.114164891312104,23.0886379001037,23.9545902411722,22.080809273448,20.858121152398,18.1166503953006,19.068246504980603,15.9566843706199,15.521172493703599,15.5498994235074,12.918921929612901,13.3468180243152,11.66336039036,10.797558829333198,10.529553042607802,9.145635885581699,8.64626927334636,8.305131011483741,8.18951285129414,7.06387454921465,6.254156970066309,6.50904615161187,5.70988818023618,4.98923197964661,4.53346324606665,4.61515310438107,4.38473569175722,3.7402407728881495,3.6066311945144505,3.3961756281850803,2.9314939842227696,2.83068168669413,2.63641782228755,2.50558297693496,2.12784382163553,2.16626753962249,1.92500737694355,1.72692362745336,1.61960893019076
micobo,9.71546524012357,7.89085300435027,8.56129888303034,5.66942694788839,5.5985562614115,4.73960757979279,4.12704754657709,3.4455638736611403,3.3454499494273104,2.69008887691442,2.41315345223424,2.26974428741294,1.56109674372426,1.6725871825115999,1.32630768007805,1.15454609564271,1.051751596122,0.7874801186128241,0.742266947031712,0.6523730617713069,0.60925479280505,0.492972664069059,0.42391051451679795,0.39428411182478207,0.33320083254551197,0.264816562534145,0.21814977044334502,0.22846381906308,0.18780995419012197,0.147955623315047,0.13985404923194597,0.116759573217788,0.0942761641399903,0.0859814004567988,0.0828406695094009,0.0671081896322006,0.058033145160443,0.0529379154615908,0.0456019132507951,0.0372459214961431,0.0306008188166927
micoim,0.00479782417334154,0.00862944687262707,0.00595827751328649,0.0110971523925901,0.00505579351621296,0.0127137057985405,0.0077390467654672,0.0126462617372785,0.00450398243684308,0.0194340027668056,0.00489106163643457,0.0145966978536205,0.0333524870893486,0.0108889605646974,0.0127919954029191,0.013756656930658,0.0126386050839192,0.0372706112534914,0.0200806472580246,0.0145498299136659,0.0257438101578559,0.0387338878958347,0.00855623607375694,0.0505536608640837,0.0452504296791778,0.0301237074088926,0.0519602311261184,0.00615164050278101,0.0618111142935918,0.0611422784998308,0.0842686361749519,0.0776562081938055,0.0487829317722263,0.0795771629116044,0.0218201346332234,0.139309435407583,0.0285879732049551,0.11974041319605098,0.0,0.20182074212888698,0.164237430602295
micopo,0.0131026010850029,0.0149704526678931,0.016449169225096,0.0136048781825701,0.0236828735422255,0.0233425051058926,0.0344385546270644,0.0355687750008263,0.0405130060879656,0.039416640999777,0.0490203926591899,0.0578855232975094,0.0479532240118206,0.0687919386627335,0.0743648271480418,0.0847721546618086,0.0982189890296554,0.11800105439041199,0.112856650678977,0.178751674180534,0.139630830221413,0.15564072781141597,0.211322474010297,0.21565726161371498,0.273159510923364,0.34483863156711897,0.349922678159177,0.40578276690897397,0.505280949639404,0.509037204923001,0.43937181545738796,0.578221564648956,0.806307709318083,0.9395819554974469,0.94230750997474,0.94030615344725,1.3238339149791498,1.33919817857863,1.96928086864656,1.7534761990241998,1.74562831720223
micopr,0.3846948350232921,0.397946696783065,0.5201042993831521,0.28528250708086,0.409047183744865,0.397885506639235,0.379437321401307,0.390398191003834,0.377883485685606,0.38319613911380396,0.35678357609288497,0.412643269707036,0.251721888207004,0.406711891091143,0.312421014518042,0.31178348724161603,0.33720878024180395,0.255510734183902,0.32084820574161,0.293445630218653,0.316914936424834,0.282841681154427,0.25240648937376603,0.311533933364805,0.30807583329124394,0.23465849244422302,0.216049984363783,0.30246144683118203,0.24721567930864602,0.20894763666781696,0.266729214057059,0.225758211813258,0.20426641077467497,0.228132152636747,0.254129636826668,0.204128178062029,0.209933721218585,0.23259180819748998,0.191965037208963,0.19953121344604,0.16702429874313401
mikagu,0.09408252511416901,0.10027421973832598,0.120399335647016,0.10734126815960601,0.11553948870045802,0.130099802359603,0.130187303803214,0.13992292302286702,0.14479530536269,0.164548551099265,0.159293357990755,0.183980825219688,0.189349370478317,0.21211881245827,0.20236134544251003,0.21160017023232397,0.225500966281322,0.23373827435208303,0.258351658047924,0.25807064282918496,0.29766327794352504,0.31284727878401697,0.28944603136412,0.3589245934822489,0.383251847388892,0.35372742558317,0.366087216290073,0.40760207713404706,0.42563394982227204,0.43396662866250396,0.5280587015879411,0.547066606310668,0.518927825304432,0.5688552304901,0.59750199809524,0.66564380914291,0.615245320420881,0.733590385654822,0.624402526482417,0.76720382965205,0.8010402895746629
mosqja,0.11905238670359401,0.210657139243881,0.23800100346145,0.134244117358428,0.188531769449799,0.247947721400908,0.186122621030339,0.27477757595999397,0.163892357224329,0.31801321173438596,0.220514913001737,0.289794546756987,0.24926718203047898,0.325018806947576,0.264239741386301,0.273888080044853,0.288358681565614,0.267174457755288,0.338840165319194,0.25954392459972797,0.321571218893786,0.343636757941537,0.270413906452123,0.3614184803460921,0.3919698024089629,0.30192930311229804,0.30697475765258003,0.345140496561849,0.311703154646319,0.316277378595789,0.410925837225527,0.370307180697635,0.33646545004160605,0.35111884210800604,0.378984574370068,0.36364424989897,0.353925962518057,0.37908893795885207,0.27968437033380295,0.37044963311425394,0.33429073939882503
myr2fl,0.0316356366429209,0.025337407712722998,0.0769792836302014,0.0112018410266519,0.0516285170954552,0.0280298810422664,0.0331331779491949,0.0420332827010296,0.0682845660532005,0.0336186294578783,0.0625949938439397,0.0507567773013229,0.0,0.0821908832131298,0.0491500558646987,0.0514883936958224,0.0576879371730389,0.00016827069603564398,0.0698082994996393,0.0499321963319716,0.0639537889689654,0.0401470040811925,0.067408856669067,0.0444959257304667,0.0532357325679947,0.041774954131824,0.0374419372474216,0.104235672773787,0.0302719936947662,0.0418572579512362,0.0604332925056405,0.0409157786515276,0.0523746220844584,0.0511888864430599,0.0974397055392808,0.0238813483905545,0.0794842587795552,0.0507038361507258,0.0856874055565363,0.0257243514506315,0.0389194642037149
myrilo,0.0336040294385156,0.0343050142012079,0.0338927604205218,0.043660236134790004,0.0384983968816144,0.0428026322965376,0.0443400122877778,0.0424532371674119,0.0467028369534595,0.0469734367308402,0.0456506706091073,0.0485441649936215,0.0733970653417572,0.056187740864755996,0.0614638895880091,0.0627124695924302,0.0628791247842882,0.0862151320949569,0.0721017950612883,0.0797296038499917,0.0846778470491449,0.0902730777652776,0.080410195421637,0.0990036718222648,0.0908833501186895,0.10145590205355401,0.11716765425163199,0.0859691053910908,0.127825190364361,0.133488515767354,0.130741242918435,0.161029136061553,0.14840875810462,0.162055925419457,0.11774857749609,0.19702754343699697,0.12742722885208999,0.18360346805213199,0.142543891020294,0.196484147014088,0.257936088366872
ocotde,0.0175546012893742,0.0226442164095115,0.0204456806693948,0.0253590734418849,0.026377937615261998,0.0339090683616518,0.034429054573723,0.047053780018965,0.0352580485836398,0.0619202332107732,0.0509481786065751,0.059972174158750995,0.0793328434407266,0.0771210830861524,0.0853209415999479,0.0976243455976028,0.102022412241645,0.134260273537847,0.14586768448839998,0.136977256981097,0.156964614466151,0.209674518283858,0.20281986511515698,0.237192262986037,0.31027031615283,0.307902456670737,0.354786481884252,0.333668980586435,0.3864857735982671,0.491073095087479,0.5762606827247719,0.5809969503151701,0.689514528037854,0.7418711844774909,0.74769821322487,0.9026219248003641,1.06810796301871,1.08654576613841,0.9932137611130729,1.72360439918854,1.5043488387187702
odo1pu,0.00910460429109974,0.00961611582170224,0.0266513864143864,0.00422781493627144,0.0235339370539179,0.0208993865070069,0.0250399827607038,0.0206876428160069,0.0404753817016306,0.0268245517315448,0.0354877479917866,0.0612432089139795,0.0247831303421805,0.0820290432896442,0.0394978117106639,0.0590833517029249,0.0811711932715004,0.0661733219552703,0.0899054224207562,0.124203579765976,0.144871807332411,0.105302864493071,0.0959196193698649,0.24457243987189498,0.17629340022699103,0.12151527150390401,0.172728052503355,0.362579931123579,0.322585735798239,0.197993410966143,0.4367555854340371,0.43148373602356105,0.283404834910899,0.600236916891485,0.6558710845629699,0.6670499817986361,0.419362665530312,1.11973100871052,0.603626668326698,0.998520287590834,1.01057987084968
ouralu,0.007649259546843059,0.00921069196706071,0.00491857833009185,0.0175769137099719,0.0047348168543309395,0.0119680038381684,0.00797621026728272,0.0147639944695264,0.00958073120867239,0.0197524008899664,0.0143139955801691,0.0121792051344173,0.0329089367310436,0.010731278375116999,0.025845091131761,0.0244325278925427,0.0231897113645763,0.0332117128479913,0.0355024116535028,0.0187097210189277,0.041812157766433995,0.0510430639897118,0.0410943287337353,0.0416546102113751,0.0514737520245142,0.0601203861550561,0.0731688499739507,0.0414300262341354,0.0669769779874987,0.10196350275475301,0.10290574054237099,0.0930538958870111,0.100490248958395,0.0908972357236306,0.10015029418546799,0.164024752013067,0.130037818261529,0.13665436509078502,0.137516939547932,0.22444537601510603,0.252863726100174
paligu,17.0895088888246,14.560679258650401,14.289250651636902,11.2370537423877,10.2871390885189,9.08992045647863,7.98793744102204,6.83471423073189,6.3531263699849605,5.48268323065673,4.8320438859845,4.53106742770297,3.72707215343212,3.55294198909559,2.96920691545313,2.59364804034725,2.33260512053091,1.98704469303655,1.77338847051058,1.5869004663337498,1.47376790510086,1.26238064078918,1.05876126460649,1.02183137034939,0.886880675937527,0.732397116772625,0.63461572812779,0.6009284196631379,0.5372207404575949,0.450124427015135,0.419778830781224,0.374088015900934,0.30909331929582695,0.282271343585116,0.254621743513899,0.227923720388157,0.188467740418793,0.17941425055167898,0.147908195311866,0.132956958234393,0.116429916828476
passau,0.0429040033973591,0.0469723783904051,0.0523755489415365,0.0599697655414365,0.060813850509391996,0.0702362269365583,0.0739466618354895,0.0802363368039939,0.0879153501707943,0.100597237715116,0.10340998552884698,0.11707651289019698,0.149951984475978,0.15084516241555201,0.160959846339742,0.17418800150101799,0.188026703422876,0.22584509113067,0.23938088671969102,0.25154666398927,0.292958314159318,0.32960216589198305,0.32522198053642,0.40126645152793294,0.42905491962149106,0.45448457843926104,0.5221139921454679,0.516475196541766,0.616577693631096,0.6890957419994029,0.7983709119254521,0.912574714845116,0.916705038328321,1.0249321817705501,1.00532228465351,1.3094676960761003,1.1968766275076899,1.47733186202661,1.35195562406364,1.73693467288933,2.08321605373386
passvi,0.0331021505429281,0.0370456978282289,0.0418564466730535,0.0452241507772472,0.0503520566931784,0.0582114530729316,0.0672868947314204,0.0691315647830382,0.0778568932829928,0.0861262703577376,0.0877496698287057,0.105830917308066,0.138591135140206,0.137518277019965,0.14424275727203398,0.158933988145204,0.175780323822432,0.231699510520445,0.224799225930474,0.26784952168009696,0.29224467532820697,0.323484765642765,0.315394908725279,0.41333968189914205,0.44609822711879105,0.484021943285883,0.559290862996228,0.53951734749008,0.7154304989102891,0.776095792492881,0.8546058365490801,1.05029620570701,1.09912635466305,1.29626119411923,1.1508689301728101,1.61441895294516,1.4041334494527098,1.8613287692051201,1.68522866215152,2.24021779422445,2.7194448738820203
paulru,0.16960580654499502,0.198105947636393,0.23623085714257003,0.193322117722417,0.262243832870887,0.28423256083587894,0.31201491784168395,0.34918656596287295,0.35120700896658896,0.41744285843021206,0.41731914601442704,0.509343814403509,0.46465493097849503,0.6115788544963859,0.572732978719895,0.636034027272828,0.7068983051365509,0.76034739357324,0.8440621651761792,0.9188193237903829,0.9856109119974961,1.07346669955139,1.08953673104014,1.36027175264961,1.53965682828068,1.47871877055538,1.5896448900205,1.8176917933484098,1.98513739861978,2.02397479605161,2.4550643901135802,2.52000512357573,2.67852287808238,3.1339395638267797,3.2906978439802903,3.5106138968515896,3.8045310536310297,4.32328686979291,4.07950602575422,5.19043939734303,4.99946984308049
pentma,0.0347432342055894,0.032803335707417,0.0609130644505587,0.0589608835481856,0.0320178063745208,0.0487012174807925,0.0378264694826372,0.027150913559555998,0.0555195466362147,0.0383742347861366,0.0301159028943641,0.0579031381156909,0.0821563836599422,0.035597846123562,0.0349211899719939,0.0362902340909387,0.0445669939982784,0.0649115124934169,0.0353659477190806,0.0467574061556936,0.067058605243215,0.0449286596760327,0.0108022181486242,0.0892991932655918,0.0348608926710347,0.0310948860363075,0.0527162075043906,0.0349765994371902,0.0748144014146656,0.0451860322717045,0.0630762321464444,0.0713972673879617,0.0217625609222616,0.0558822744605053,0.0209404675604155,0.0965703262140423,0.0,0.0906810877729475,0.00826516075289255,0.0728601651858388,0.0865290399620343
petrvo,0.00685754638742037,0.00828459078051407,0.00600192220002275,0.0100047217977179,0.0126274003941124,0.012820120482286,0.0185853911387164,0.0172985524194165,0.0167426805652245,0.0219826611804951,0.023402230972689,0.0285269227675185,0.0420692572053708,0.0313096691589107,0.0462452892022828,0.0505833034888197,0.055286375687120005,0.0976320107273126,0.0599119539267801,0.11309229006268101,0.0710115136165604,0.11646209863177802,0.135262735642296,0.15893168065162,0.196993552064937,0.25870485445841196,0.27677699558592894,0.187099681228022,0.3872449193613429,0.41460608981892205,0.31082907887237604,0.5562845441801519,0.7143469790671959,0.7401722258298241,0.537194531512305,0.968479036611866,0.984092866302635,1.18954482557369,1.3381965819908601,1.7315333550608998,1.8764642617544198
phryco,0.190583496371669,0.22869613733425898,0.25802157753987304,0.19279816872129601,0.298356493855607,0.30337230567228696,0.34496706928856397,0.38656238021790007,0.36049278160395204,0.449637036499773,0.44753900068358005,0.5342090994854319,0.43711242144527795,0.6408639689025871,0.5907591545559849,0.662691647662916,0.737876642119073,0.734275106004139,0.867463764513665,0.9419587622273101,0.934607118166391,1.05142682143835,1.11612318485657,1.2547276542950199,1.4905466625911001,1.4371725997171299,1.46234903102644,1.8317548113663997,1.74033257699972,1.89042285549752,2.13837144899302,2.17349669517337,2.54248768690909,2.7264896472629303,3.0744945031836,2.81970586757377,3.6313543143590294,3.69109088969023,3.7964378432633,4.37398356470158,4.03214459947134
pipecu,0.01040060518257,0.016380991500761003,0.0254235995879446,0.0202002495596817,0.0149932488043409,0.0293027457998674,0.0163979495174006,0.0255004516449679,0.0199536290050872,0.040801789622355,0.01743142310729,0.0452507024485576,0.0622584771624303,0.0452541508500574,0.029457331165074,0.0364500213544297,0.0440581749989389,0.0675857769777116,0.0642646080061362,0.0386984744159101,0.0973222366290278,0.0933548906279137,0.0125847663137338,0.15749062910493802,0.108038890614154,0.0454087582196157,0.101502480504367,0.0851228331392987,0.151322122721271,0.12025525219929199,0.263346189912505,0.21140958361427697,0.0659013096801882,0.207006899571721,0.134534745971375,0.37298621630418205,0.0190594202555743,0.39959934372383105,0.0,0.49099844274120397,0.42466941806646
pochse,0.260023770168141,0.19668535695175,0.290246529556985,0.256767423450214,0.280077704413439,0.22780316591320898,0.308959916638445,0.234046270741731,0.399741738597869,0.21214218590556302,0.369388732137872,0.324871071497331,0.26916463559774695,0.345527646179443,0.33924525526529403,0.37158770806030994,0.42063033093583596,0.304696547940405,0.371513197914479,0.459325587543611,0.45335533900462105,0.367976500518858,0.527874943910041,0.3976468190689699,0.358937187462077,0.486552984652711,0.439382877152092,0.6077622525090229,0.505176505388192,0.46678230472016496,0.43533407237530997,0.5087106156046071,0.527210580751177,0.557516646840075,0.6191796106694549,0.550674556370994,0.6241653460337869,0.627768821896082,0.875261343875887,0.43316049840543397,0.662788568205097
pre2po,0.0983403887616873,0.10993155574260499,0.12056392303102902,0.12699332686029702,0.125715918215675,0.147079855065565,0.14419209403735503,0.16227749234549899,0.155643817953529,0.194091440516802,0.18263664957286302,0.20723860395418497,0.247172186947865,0.255471538616428,0.259370730385786,0.26883004714708103,0.28025878697652695,0.317596084969789,0.35017046815667496,0.33644224740909,0.390355764544495,0.44411189781327504,0.397567639340029,0.5061467871811911,0.560136605745766,0.52672433488264,0.578702239960965,0.578844721854314,0.636681688851825,0.6932192215520669,0.862496807131305,0.9241568229686071,0.8802580464094859,0.957203810973269,0.961605962224547,1.1505978754786899,1.05189988824416,1.24578577816757,1.01179595690679,1.37535594899065,1.52970451899626
protpa,0.00486076276550493,0.0183657087707328,0.0489394047560312,0.0,0.0366106950925477,0.0397008578859376,0.028622050800091,0.0460984869363934,0.0306588394665516,0.0696741110656161,0.0308592430555879,0.100759053404517,0.0106754168651887,0.146969756387452,0.0331390166625554,0.0656036663451154,0.097201194619643,0.0691108490749086,0.15999048660521697,0.11337567256308198,0.195195407576005,0.175262988121992,0.0382684152916366,0.3915189783186211,0.364726120752409,0.0379912155834556,0.16830113213489997,0.47097012453921994,0.32113880476199397,0.220537643789636,0.8160312733644242,0.47849253713364104,0.283073704169951,0.7608822976495909,0.9652238390677941,0.690271209797202,0.595691404658924,1.3945777129659798,0.0227325399125653,1.85606229831478,0.766568156112984
psycb1,0.0473898264120101,0.0525958070751182,0.0713904003245953,0.0488692445145616,0.0563888863219771,0.0660615618449537,0.0609623456817958,0.0638364075706957,0.0619628939623331,0.0803262697565693,0.0582860299836026,0.0896847897127781,0.0930414972985231,0.0981075609596796,0.0622386270543164,0.0778726129171793,0.0839059475665855,0.10477687028522199,0.0940250477553105,0.08805264949918401,0.11644508631745301,0.11631423245828901,0.0713100700604503,0.151751801906998,0.117557130403705,0.0804475440158821,0.113116059034345,0.107516257804039,0.13845873865444,0.112746115147461,0.1904555548644,0.165868200122945,0.0899070638712921,0.16560246119944,0.128808609628777,0.22504263220585602,0.0904921391410696,0.22819024004695798,0.0307129597789473,0.26563545009014605,0.20666475359105
psycg3,0.44495253228039794,0.43077075400080894,0.436669805358941,0.628546823655615,0.41432229602251897,0.521294617602409,0.468854615547161,0.47677153935494604,0.533206396269882,0.5431391710764679,0.517300908089945,0.528837553639765,0.7821537452125709,0.542697326151421,0.627065033851078,0.6360726987023989,0.6325015503374101,0.7471410278154309,0.690730658093581,0.649901663944066,0.7956873535680319,0.809387997338925,0.720285757374893,0.8386036310385699,0.7471890028003291,0.7832613892293091,0.87458311126438,0.7469683381179308,0.887167856351946,0.9354078908343559,0.9915598782628899,1.05604888533751,0.9442543613416229,0.972865768114442,0.86107853362811,1.15735468997406,0.8805062293584549,1.0703252662692502,0.9158916937153969,1.0743972490079599,1.26739384400477
quasam,0.17057733682137302,0.144979370852391,0.17176149123168902,0.14382651647136302,0.226118852328684,0.17128172312734302,0.25284190241896104,0.174543396159737,0.286460147974118,0.15488104746578,0.2576670406199,0.260156877361148,0.20487466914610003,0.273300109377435,0.280892953923783,0.28559146839409,0.304739009330595,0.333343000849825,0.241043837631479,0.456560344259281,0.284454824596727,0.273495635344015,0.40658360922592796,0.367419954993305,0.37005529175821,0.476770164073103,0.44231916192308096,0.45467805990255294,0.5807477731149829,0.46215772489684204,0.35185681738317204,0.538823015576742,0.5986673093655761,0.62917014939272,0.530673140449999,0.583451283886589,0.622728682156518,0.669918935821281,0.9288735008559079,0.547118775975766,0.729594991625953
rourgl,0.0344513888232452,0.0481406829735118,0.038501690151608,0.0476554986352786,0.0496016141871098,0.0638330906811679,0.0580588543531629,0.0881587202333081,0.0523609119120219,0.1156514674773,0.0831541764323236,0.0951627156470565,0.110379448510843,0.12753719355403,0.132499608990568,0.14536231141938097,0.14647762467471,0.16707662516536803,0.214534348140874,0.173751621791492,0.21189756359927397,0.284221419731195,0.266761179708691,0.289093578177513,0.40116633317263795,0.35343644475527103,0.39223041833577404,0.427537602370669,0.39223302215540506,0.559635219707855,0.6442044866950749,0.5742101067788979,0.730185348958766,0.7292742062452958,0.847232323517229,0.7762925300256359,1.14663671320735,0.9653140186747942,1.00324321128085,1.50466675504073,1.2297869942118
ryansp,0.0609097788639786,0.0907318719518619,0.047825324063751,0.0617856851585247,0.10560992240655301,0.09212398050509699,0.10323240318843302,0.160794019585866,0.0398183776159201,0.17653688771757997,0.136711535558415,0.11663380185679,0.0662768841401676,0.20994259881823302,0.204604856599572,0.20266453640801999,0.18756580827141603,0.171247652271798,0.297738353588435,0.22584901560415901,0.145605433833105,0.33649529174059994,0.43773787680222104,0.18003685226997604,0.565606004026479,0.46317131456444005,0.3886553155900379,0.513717797648025,0.253309110533861,0.591760316460723,0.57589745213376,0.404398564918065,0.990256211019693,0.6605458914225129,1.09840116214158,0.181335416579453,1.78107450763471,0.38998137567595,1.32989557250233,1.1870413350859,0.3843499917168479
sabipa,0.457077144208505,0.42727182242595596,0.46367880453808397,0.409596254784222,0.481562315880745,0.44277393371028795,0.514414587589871,0.456353900764594,0.535794638618503,0.4441976815118329,0.49414300134386396,0.505922171874574,0.45610719201811895,0.488926087279871,0.481396931712469,0.495814337628222,0.517280089383441,0.501881338948156,0.474820407414919,0.5583670793993659,0.51016606172853,0.47649591017882503,0.5221114414296629,0.5075585259763901,0.49549831479094697,0.525823776219271,0.5075319520317849,0.537932250987636,0.55435392204474,0.522926744866329,0.47325376212361703,0.49402493655187396,0.515857467789025,0.530941724843047,0.5119002105480851,0.5052159478944199,0.5152828386038389,0.524393287896638,0.5803982774254239,0.511303756546298,0.508718902506424
sch2mo,1.95316304448785,1.7686645944365,2.11412410609675,1.58041142672194,1.67709556103771,1.5715891465165701,1.51495980002738,1.35986928721185,1.4996864283026101,1.3090315871548501,1.2944547614905202,1.37727719777332,1.05424084934993,1.2529918486073601,1.06879390754857,1.03792567221022,1.0693654121333,0.841888048644633,0.9041513824246559,0.8818495476115771,0.9349546658412821,0.805641856280645,0.726368442428927,0.8253833930019251,0.7245317922332379,0.590964853045125,0.5397901785076861,0.693856113205727,0.584726594008619,0.499012651083438,0.5487507665549721,0.515400504382463,0.426344755427776,0.44562591203018703,0.482948968938,0.40382324085468396,0.365138056436769,0.42637252393352004,0.353925772466022,0.309273252778586,0.29188745852771397
secudi,0.160160621639583,0.163532415464557,0.15602722982013098,0.180141097888178,0.17504966554139004,0.18389808082085798,0.19805958019685,0.20534943316442103,0.20849201685758698,0.21859620490082202,0.220475717851265,0.217477887753773,0.256303509759645,0.234714911134195,0.247980477259305,0.265710934192464,0.265809993845304,0.298115092201085,0.28761013097880295,0.305151808627127,0.30160642525643894,0.323309683198971,0.35254027173487895,0.328970178448597,0.34535977264295803,0.386853567550245,0.40544162182356297,0.375144545126069,0.40406406469619,0.436212139725711,0.42733767102838704,0.4434723513036671,0.47949930235665905,0.491309198143628,0.46309037354339294,0.5102993838983599,0.5349726178277979,0.5223145286519479,0.558329719385115,0.5913880038227779,0.612552668032025
sennda,0.158950232207501,0.163007037277615,0.17532922965933498,0.17876976553413398,0.175600635343238,0.188233585239081,0.18546483551214799,0.191900850625127,0.19448128424922198,0.210657736358903,0.205877373759007,0.22113985818894,0.23905003697860103,0.24497536089119104,0.24402805959121998,0.246876885594401,0.252969994081669,0.263101511522516,0.277439648284484,0.270459195082186,0.296587552585911,0.31106786275128,0.289037900916472,0.331769886483307,0.338528111150184,0.322424423686352,0.334051690055426,0.34016526875914,0.35529091130135404,0.36136637588243603,0.408880550717498,0.42035628704599604,0.39654763401509596,0.413926201154859,0.412101543015526,0.45616585898047,0.418183314273076,0.469352499713853,0.403166666359593,0.471706521947937,0.4949592282618471
sennha,13.6658495998561,9.90439083830394,8.626720191385902,7.55589288030908,5.613078450499019,4.32706859564686,3.46221900289908,2.4816539502656605,2.41333198997996,1.6647727334654598,1.42448203230046,1.1387540234403501,0.975412733584629,0.7383234496954509,0.598201803457573,0.48791584756570705,0.40505386861162296,0.310659245597062,0.24262425477689703,0.200822333861042,0.17770857014081798,0.133426921394151,0.10783504003525501,0.0879018672480113,0.0604198811149741,0.0487090230997897,0.0394811948419551,0.0332625218230695,0.0277784879437194,0.0216207635565712,0.0164833923685807,0.013812097735195,0.0103313725912955,0.00830768156340529,0.00645288477610242,0.00567704803941417,0.00405546342970754,0.00350456865102534,0.00300599322826417,0.00210595269427615,0.00188952841655667
serjpy,0.0110199282216233,0.013189953092142001,0.0156022200955315,0.0164790170751999,0.0172209435507194,0.022328129384632002,0.0237173189176852,0.0270659960464556,0.0275662037461103,0.0362610634603456,0.0331175456203505,0.0419278465890487,0.0599831090860996,0.0585935971648299,0.0605955632733123,0.0658742375422488,0.07067091545236298,0.0952366835857115,0.0974482040785139,0.10387294378416599,0.123281574834811,0.146105613062764,0.126301550488587,0.18709708557885996,0.21017915213702898,0.20946193571646898,0.24752476052801103,0.231147987522394,0.305917614859599,0.344847359412825,0.436921196933899,0.526247957927269,0.5163145069218039,0.6077707899608891,0.551960533318216,0.8094715585516401,0.6760545632137889,0.935077107343,0.702894328333604,1.1244144267252298,1.3586342944754402
simaam,0.0017844198676063602,0.00662486857814661,0.0364534597701475,0.0,0.0230654072441684,0.0153130212158144,0.0152226634350318,0.0124973217949168,0.0218465878502437,0.0151577271307401,0.0121791006924996,0.0349272832359747,0.0,0.0449884711265854,0.004381689390313971,0.0142659464525559,0.0247442781965157,0.00879183557343274,0.0264522699809337,0.0281625350278287,0.0334560724035282,0.0159457320003679,0.005208795249278479,0.0539766864712159,0.0339282398984814,0.0017606724847181602,0.0115160295888745,0.0540090832632339,0.0312315288812182,0.00858983278560721,0.0498656290022563,0.0338431361757531,0.0131018070113424,0.0460621732567452,0.0497679489527821,0.0333892591175034,0.0178128221624421,0.0666947948185256,0.0096290457540551,0.0473983930845146,0.0269383231163983
sipagu,1.5520142749482,1.25650433761347,1.2772198266781398,1.11247809205034,1.01702583773682,0.859447465263458,0.800953276043253,0.628492004105592,0.706374759592693,0.521710280834031,0.512369180481994,0.47773295017496203,0.406298917217224,0.37547308862363793,0.32935339871162894,0.301082804278974,0.28439337492861605,0.24096376885167003,0.207441806679012,0.20860598584882398,0.199548403755128,0.16114402956324,0.150814073030497,0.137983658010702,0.106898257758983,0.0981598550627355,0.0870031342756774,0.08789967553709499,0.0816369093177085,0.0681730110792886,0.0579869784080938,0.0547525621047684,0.0456935010798854,0.0427226675189497,0.0387620292699121,0.0364252487606759,0.0295205833802135,0.029725626640392997,0.0291270420499244,0.0211279728178677,0.021360404718338
sipapa,0.037353856730888,0.052053545278678004,0.0548928787437251,0.0740654835719367,0.0418880677388431,0.0771686896177198,0.0470480309954028,0.0814048541758538,0.0583396833991292,0.11489748308663499,0.0704021167580177,0.0959574070997949,0.150507901499785,0.11294737309133099,0.12043349831554699,0.124083835167644,0.122855841070345,0.162010691110478,0.18339061909602802,0.11768363619540598,0.213000965617072,0.24563096020553696,0.153208629616272,0.284920130843063,0.280527094174072,0.22054379640250799,0.306509490058416,0.256134505358926,0.30678300323196506,0.371071780797861,0.527145083395799,0.48114620668074,0.389957409128986,0.45359240103722404,0.452491980629149,0.6670210503915269,0.45286744527715994,0.6672827474974821,0.36393008580603897,0.831559907772381,0.8591060694470241
solaha,0.506307752367955,0.480546236222492,0.43897024003202795,0.47619447590301794,0.36930524579671503,0.37750155509972794,0.32033087045849895,0.30481983832255,0.273347686605566,0.27976944418409,0.23691174406683801,0.224125232317583,0.26770758230410696,0.21242544207083702,0.200280181310847,0.18323981831530803,0.16662887601135098,0.17099423284226503,0.156500978195807,0.132070491360077,0.136168311559995,0.13349375138582098,0.10662615799545402,0.11469827686289201,0.10424568462856,0.0904842487892723,0.0886702466492788,0.074189990423346,0.0745382032684986,0.0716439810718666,0.0740428650190321,0.071191507677324,0.0593351098883509,0.0550707112898563,0.0462385444130752,0.0516579789054538,0.039315988643337005,0.0415116541930614,0.0309154348456069,0.0345379988744721,0.035850230084404994
sponra,0.14087817016302698,0.13860315932549302,0.130707156881375,0.175919465482735,0.104654065369181,0.13704988224866002,0.117122961223938,0.11092168155350099,0.117042165833503,0.11734010428339,0.0955581692345177,0.10281757325367,0.159938028839428,0.086789103828172,0.100845589269327,0.0960500791443256,0.097442166001379,0.11241992152571101,0.091662242639867,0.0838913298593583,0.10392839166814698,0.0966796846569577,0.066444276132402,0.10234449583214698,0.0772493726266389,0.0720074828643199,0.0794191932405793,0.0607864081786119,0.0802666299374751,0.0766900299107205,0.0780174002872998,0.0823619419148373,0.0582764842662154,0.064325200911236,0.0429149143104303,0.0817322248372182,0.0355618168321301,0.0691074257537251,0.0351809089682232,0.0604685400496531,0.070050343856373
stigli,0.0233520908967903,0.0269719566159855,0.0292011916566267,0.0319668556501367,0.030629244021809998,0.03886332294353399,0.0395657825942439,0.0426559618514145,0.0415377802677583,0.0527712884110233,0.0449674376539733,0.0573919173298911,0.0810702128268325,0.0717180112526089,0.070647900015829,0.0745709087765685,0.0787750734246211,0.108413883124076,0.100326660458721,0.108090475303198,0.12418560299227001,0.140485908720038,0.108284118163914,0.174125261764953,0.18107956511938603,0.167049422002721,0.195914344873936,0.171188855204987,0.232797547634715,0.24444611080182396,0.29981620137405796,0.348678944015036,0.313654133986095,0.37750678449616604,0.301495800879852,0.4725361643686479,0.330881119343324,0.5063281670579071,0.313899565131812,0.569932227810573,0.64725332082841
swars2,0.0253164574930307,0.0268490174640008,0.0102760304909451,0.04358936070543899,0.028782229709346,0.0316976550927141,0.0423941222240378,0.0470743769851363,0.0363843119496756,0.05250563572061499,0.0626610773122093,0.0408184650246717,0.0941426353083279,0.0440739741899672,0.108860989838119,0.10424195805100901,0.0978098980071654,0.148032705040228,0.11656048105024301,0.143757339782042,0.10926620992185401,0.18602228860453895,0.26455725148286496,0.11097696333509299,0.24014141590286703,0.385092898890094,0.35351714607298096,0.208243270140409,0.342202527610659,0.5197429158345479,0.26886496158312695,0.466460621091191,0.78353577214921,0.53563205322171,0.5441312952135561,0.647149364196624,1.10552939437661,0.5495162725189899,1.44196040045946,0.976619477221442,1.2299778224151798
tab1gu,0.0107259486501374,0.0117921577874292,0.0235634901251377,0.0020299803383258303,0.0240767244341183,0.017177272976823,0.0241601230413022,0.0170666631881764,0.0260101511102462,0.017076890254601004,0.0228033480108718,0.0353445822305227,0.0101422275602747,0.041019442438561,0.0221158107829194,0.0280205330281392,0.0364656533335146,0.0308847742929857,0.0311190109367655,0.0539530556031021,0.0378196268065875,0.0324652189399674,0.0376912274245349,0.0655034275484802,0.056027017093249996,0.0437504926786083,0.0425441332283886,0.0765584272713239,0.0745885555708456,0.0443571380785354,0.0661966883786209,0.0776443457803586,0.0711389810480339,0.103617422505461,0.086148438664432,0.0821728659144548,0.0795629064100387,0.136030385316734,0.0937063188670092,0.10932434042821301,0.0888640188231419
taline,0.0172967739426636,0.0220181394287526,0.0103217472380638,0.0122867447223677,0.0362298010683532,0.024179216324569,0.0457423493341899,0.042846874401682,0.0192798035965987,0.0448356981485923,0.0456951035115591,0.0448462013229285,0.0315878034489774,0.0654853774319672,0.0716253795651864,0.0749223414240672,0.0734208635069581,0.11832377764910999,0.0737943465063365,0.164024645164655,0.0138859448776009,0.118194026293626,0.199176040000189,0.0969616653988896,0.256276602728182,0.301565422101514,0.233948420873433,0.177895300782963,0.280215032740747,0.32966752875359995,0.162342996060505,0.327296798695192,0.7163467272714271,0.551305726089639,0.429346504448895,0.24915718610542004,1.099993389877,0.40506820524840104,1.10570607689038,0.907785304676612,0.376957012784992
termam,0.0,0.0,1.1299129401503603,0.0,0.0,0.10370646974969198,0.0,0.0,0.483816144271864,0.11513566027585902,0.110457612937715,0.502533908219193,0.0,0.580302582383074,0.0349622566814185,0.192380051017745,0.36032047600436895,0.0469670069633048,0.40999804341496504,0.245339919625122,0.529341333163736,0.281060693111582,0.14376622536948402,0.509330131855817,0.320260186934623,0.153905805243101,0.227563204467927,0.45483368722877504,0.30796486984810306,0.24387258566844,0.406462953005852,0.31254977747079604,0.21354812301610399,0.294832370956904,0.33026487362787,0.283726296342624,0.22138988555429603,0.321819619444105,0.21329302103534697,0.244375971710589,0.236162799037317
ternte,0.0451358660828679,0.061946622017992996,0.0998498741110927,0.03191735625381,0.05671770324948099,0.0758478523557805,0.0422423532647305,0.0773921439041041,0.0511700713520223,0.104886045777444,0.053501764900835,0.0918440286659205,0.0440138858259973,0.11758876405403301,0.0503453937656002,0.0654235237526115,0.0676504502582243,0.0423705734531439,0.10728162552884599,0.0301362550073483,0.103369661729685,0.0962636340747731,0.0345710590104129,0.121197471764378,0.11923312108695401,0.0106668366189366,0.0525664599055776,0.11424109177902302,0.0429178140074547,0.0551746994178179,0.193580105843786,0.0583403648039388,0.019928643939225,0.0778456120619743,0.14307569914088902,0.0708674684060888,0.067841069519452,0.10615340996525001,0.0,0.165347610011288,0.0469211990394128
tet1vo,0.000810009682618262,0.00119592562405354,0.00221483268735051,0.000790433611370805,0.00274287888640733,0.0033694182118519603,0.0041527291032225,0.0046787438845342,0.00587870319786891,0.00783770054495648,0.00762274778998662,0.0151000345256572,0.0118871519994726,0.0235261797813385,0.0188392422388404,0.0245126915084566,0.0342524968389616,0.044207182282198,0.0510177014989117,0.0756875365074824,0.0865374606879481,0.0999717906853953,0.0838538625777814,0.21898479632212803,0.251203933444901,0.207878629947202,0.277668341077708,0.40262597360866204,0.581679773560964,0.527290902314971,0.8872922023260841,1.0856279752059101,1.1016642266486298,1.77755760573406,1.80538256303895,2.56396599049049,2.22086951220114,4.56354261009191,2.99572935673604,6.71087152591586,6.51925647686786
thevah,2.72925714355555,2.69622071077886,2.5422386452152996,3.6866841718211605,2.84545020028107,3.01745480553328,2.8466036723097403,2.82898593519674,3.16619372868773,3.11134755719617,3.20472980658798,3.03915530108012,4.21967033968538,3.2813710127509506,3.7414641174830097,3.8846996029087504,3.9656748058182205,4.20413028538371,4.256313176815629,3.9485371578876096,4.7808817721494,4.88937611916656,4.9421506036540706,4.86820512782523,4.37696156155834,4.89281362951197,5.387609634423799,4.92310772967058,5.32609898228843,5.935489699935871,5.864969209029031,6.2831858096901,5.9114588970691395,5.728963126860339,5.41746432152183,7.04676118900254,5.812092471156171,6.543545448768519,6.70524492238729,6.60353223135795,8.71195815771361
tourcu,0.132111661764189,0.126897016589961,0.12958063223790198,0.132702901590222,0.125105509187081,0.127197802794003,0.130605050022657,0.11578781703454401,0.126472947923661,0.116919038969447,0.10961011741062102,0.11658764427698402,0.14302653188171,0.121843502337726,0.116735890146471,0.11396012612031299,0.11216791349345802,0.13370072649627698,0.11199524958583802,0.123546077689527,0.123233185444905,0.119226006487767,0.10216489178222399,0.123001434164926,0.109722773272609,0.109224119749402,0.11583362977301599,0.0953961155237248,0.11908446994223401,0.115881482168606,0.110639065426555,0.125776925917815,0.113102753442514,0.118686241719319,0.0894247302564246,0.123633686539814,0.0865120921403809,0.11002317095597901,0.0869812693271302,0.10301160087331801,0.121029285468849
tri4ga,6.357238900178441,5.53077161570452,5.559660665426401,4.746972093304531,4.644878417078219,4.18794226583611,4.15713424071454,3.49770633834713,3.65731052111745,3.00841209343868,2.84188264585914,2.7731196315580804,2.5584770387301896,2.38118849067213,2.1105647045465004,1.9630499674416202,1.84760082862252,1.7914315709199098,1.5288801914633,1.5823825354768797,1.4438681588995301,1.26440305881628,1.1487604793212098,1.14352259392894,0.9957216257109891,0.9269885151354921,0.8606892767540841,0.790805349406336,0.8051125123358149,0.7041458822108491,0.624740154011598,0.610451792023787,0.547575712375038,0.5338100934944,0.453268314744405,0.455460359226145,0.38011585110908397,0.386216095161299,0.352051504674171,0.319306395289162,0.309862722193338
turpoc,0.0813828250700848,0.0888090882154465,0.10290296409655,0.12751975161261903,0.0955601648344779,0.13201754214871,0.12333083363181001,0.13539274702797302,0.147508935417977,0.17557834079179097,0.155410159274621,0.190352761524501,0.278147521820854,0.21425048573191602,0.22589293923041698,0.251526832828965,0.274557989261982,0.335908114178925,0.33230197437651,0.322811184055683,0.42093757254182895,0.452493255333604,0.38170398931383404,0.542101780985571,0.5118570237718371,0.510820048686543,0.588816526795658,0.5559430600864921,0.680640051278677,0.7282691107517,0.8673054535591291,0.944982952145402,0.8498604042236851,0.9719836277002479,0.8586154422936,1.2565997051747602,0.96140568590346,1.31920958922601,1.00727593749416,1.4284263392821699,1.66124499323341
vernpa,280.45377402327006,134.28304452838898,83.9978150678805,40.482550619602,21.6375760572315,11.1168202659491,5.92171330540743,2.77051601685361,1.76491141524342,0.8123203854245551,0.441512995361508,0.252620810245821,0.126143412527896,0.0702081041688578,0.0350238884411462,0.0182898749016706,0.0100815786545175,0.00506082949852854,0.00259086072189146,0.00146546091431588,0.000850415918466616,0.000412549871698107,0.00020866235363605,0.000121699391161799,5.68700670966474e-05,2.82457415817491e-05,1.46682856496125e-05,8.59395704016778e-06,4.8663992710832296e-06,2.3365990088029e-06,1.22532526069228e-06,6.81926029562831e-07,3.23251759185744e-07,1.7758052137280603e-07,9.38636694690168e-08,5.37532229607368e-08,2.40564432578501e-08,1.4797575146988502e-08,7.627084646634158e-09,3.7237238815482103e-09,2.09270190942943e-09
virose,0.002205210246484,0.00618431081462162,0.00782858778988729,0.00226063755093293,0.00730530987206705,0.0111855177545624,0.00681025862040811,0.0150569307828894,0.00407188446275382,0.0236498860768208,0.00828797264879964,0.0218717177167211,0.0160354640159398,0.032337131039109,0.0168993063932797,0.0224876980019811,0.0253704937820684,0.0328235378115363,0.0510372016605829,0.0253492372750498,0.0525507392661639,0.0706723310588863,0.0273955098748622,0.10471968379374001,0.13216124524315198,0.0463336539869136,0.0874447354593433,0.11443043367697198,0.109717931672386,0.133141747090125,0.294645451656649,0.17819731002873898,0.16384881162038697,0.267538151077031,0.31465576357586605,0.302556635659942,0.326047091590576,0.45109348009783096,0.0365856008115041,0.86480912201268,0.40982518165240994
vismba,174.09399374137,126.579370347063,115.62071523748001,78.9971412635289,65.22716120919121,49.6544610301299,39.109185581621,28.6338469415664,25.692271364242895,18.2280807184994,14.810281764854698,12.3166104495468,8.45639475552053,7.38634888262323,5.4966558729645705,4.30341307506433,3.5173055062625296,2.50511964181685,2.01406547886591,1.64178394346768,1.37270330672506,1.01639687109157,0.7861355495225291,0.651957237708228,0.485455824259165,0.356857334420494,0.269819072306893,0.24297668984782,0.18758559690438603,0.135608672119984,0.10974862769341699,0.08642537028804499,0.0625236334013366,0.0507697267368589,0.0426750660218659,0.0328205616241548,0.0246449059361033,0.020628733390012,0.0163893543937998,0.0117288086194533,0.00927472667553379
vismbi,2.37682019986458,2.1383573709431203,2.25850205423823,1.88207066066208,1.90674220314742,1.79550396537133,1.80569018953258,1.51350053138795,1.6411436886842299,1.38457957821848,1.2824374920689,1.35905128788753,1.33529849827556,1.22915790912816,1.07761744141437,1.01599840162886,0.973230259893175,1.01974113575653,0.845504836263252,0.915137083318097,0.853892430281336,0.764425033105041,0.655804764102734,0.73908147035878,0.6460284874629001,0.593156854950523,0.569945411365923,0.512624602861567,0.568431795093224,0.49653116553202203,0.463206431005786,0.484317758894784,0.416294467419039,0.42780896842235105,0.34491309944190196,0.391644480745271,0.292769300764485,0.341128836548511,0.27581438319318,0.282358092399928,0.28475339797807003
vismma,38.2368278773152,33.9795594984162,34.1483880536797,25.8490816915299,24.0153870777171,21.8774796849996,18.3600104900238,17.0931311818488,15.0339316718244,14.177525509321498,12.1137133206174,11.4078342592914,8.99553407903058,9.18298020910356,7.637876142441349,6.71923884292158,6.069227428920339,4.844738253977099,4.83074675902518,3.97134416524716,3.8691642994561897,3.42763678025702,2.8498032822690202,2.81306840260737,2.5541847798835398,2.00082114906407,1.73617642030547,1.7580118611861202,1.4320037075251397,1.2449177145502401,1.2776113899951298,1.06773335964115,0.8781902405341769,0.8015705791332309,0.7850706473483309,0.659026376714954,0.579399032497423,0.543366451298191,0.436366242338882,0.4133384783343879,0.34791558923315896
vochfe,0.0741288579294756,0.0726826837407979,0.12334723734973801,0.0857526069697542,0.10544759290854198,0.10866259034138301,0.102344496434731,0.11770961290566802,0.162643230847174,0.147741941261136,0.173319626770685,0.193867561638211,0.13049561428973,0.251478495582928,0.209094971028982,0.239630840541573,0.26836766970766296,0.17974816530859103,0.327591864269714,0.273895379731048,0.40565572005818107,0.35140327391452,0.393218477833595,0.450988375589836,0.42312450489558207,0.37298755572690206,0.42839039234433396,0.7270945248427929,0.48455469442376503,0.535549812589289,0.7903829668340391,0.6706502288895191,0.6168449890415529,0.7493423305561949,1.16186933957628,0.8527474316219279,1.0544161324324801,1.1363452227753799,1.23717434354815,1.0720849513469801,1.24992336343795
wulfba,0.51793395783224,0.47766864681402504,0.508185162531134,0.401529656747777,0.383260983480265,0.37492351139906505,0.336176587458235,0.31721034786358504,0.290544423541776,0.289776671087146,0.254546422576367,0.263245893082183,0.229029335170254,0.23796999213713999,0.204319606170494,0.18389326658017102,0.17185004391340603,0.159424539716857,0.154515861122558,0.138745307789235,0.13944345985599,0.131291265998798,0.10576821140607699,0.11966398610417599,0.113392489952034,0.0918171704757893,0.0837168875604621,0.0821628130329115,0.0784467838795813,0.06919492435755199,0.0747859400151139,0.0704938020498848,0.0585722948954709,0.057334851168202,0.0537810407520223,0.0530418276713737,0.0433112221305026,0.0456301564037071,0.034184224086031,0.0371541355792211,0.034416890461429
xyl1fr,12.160103705179901,12.134173523315301,14.369767852513302,12.493816323285902,11.429710491965801,12.0047693575489,10.1402973891362,11.077239348492,11.0675570625718,10.9604349425863,10.9449826326621,10.5701489945853,8.93053642586469,10.2437103972172,9.72034700778436,9.327006498075221,9.55767314456385,7.38038504657169,9.169169288412089,7.44658081933966,8.782898054266731,8.10055736931363,7.616519599388651,7.75015054235312,7.30185355700594,6.440878987623,6.127512815014759,7.1698986387573305,5.97189013868209,5.781534240214911,6.372979447406401,5.65679824494468,5.09733624736153,4.91979556474571,5.5744130521129795,4.864263276864031,4.8663277721822,4.70215919269542,4.509528580693191,4.1275156918925,3.9579853418449504
xyl2ch,0.506068902420768,0.47366066552153707,0.477776419162127,0.454548424410993,0.409418688286535,0.395173234044495,0.349636895944382,0.34699623959764303,0.331764212143976,0.325123520076726,0.30788446160532,0.288637525184543,0.266914727481046,0.26361430221039,0.24856930549818299,0.237943295510879,0.22834913445373003,0.19746967288678896,0.205626760224049,0.17719489526614302,0.18936495688146698,0.178429297645665,0.16866089775074602,0.15868292354236802,0.14806961902388,0.13396898293461998,0.12624317799257598,0.129878969433663,0.114288099875018,0.108458538456729,0.11309547063797301,0.10031112580392901,0.0900413741404044,0.0855646305456567,0.0882054287549866,0.0814559834741959,0.0775951551087842,0.0725705522499598,0.0683203888521216,0.0636049716362125,0.0610105996332532
zantpr,0.0306892775950015,0.0443022270531953,0.039459815645671,0.0596367602685186,0.0419696672049726,0.0716459902858623,0.0546996345435344,0.0880940071665314,0.0552074393592279,0.12427675913809198,0.0875975048925622,0.112490202260256,0.18148620825820003,0.14201693404871898,0.166545931234833,0.17813661797851998,0.18903676557265803,0.252574674776932,0.29592235920471804,0.206137220766147,0.334337175490083,0.43187251135679,0.321896169259108,0.508646122804415,0.591190462185732,0.523533203573306,0.665700493183684,0.574713627705075,0.726756972116575,0.9004466156101141,1.27659116867962,1.22827534564699,1.19091344820732,1.38438825984452,1.3910281239830602,1.9889773233469001,1.72593731019463,2.21363470139978,1.46664722013668,3.1108041679064704,3.19854854606613
